"StartDate","EndDate","Status","IPAddress","Progress","Duration..in.seconds.","Finished","RecordedDate","ResponseId","RecipientLastName","RecipientFirstName","RecipientEmail","ExternalReference","LocationLatitude","LocationLongitude","DistributionChannel","UserLanguage","consent","id","com.1","com.2","v.vg","p.vg","i.vg","u.vg","a.vg","d.vg","s.vg","g.vg","x.vg","v.vp","p.vp","i.vp","u.vp","a.vp","d.vp","s.vp","g.vp","x.vp","v.vm","p.vm","i.vm","u.vm","a.vm","d.vm","s.vm","g.vm","x.vm","FL_441_DO","Velcrogeneral_DO","Velcroparticular_DO","Velcromessage_DO"
"12/22/2025 8:10","12/22/2025 8:11","0","71.85.246.192","100","66","1","12/22/2025 8:11","R_7PsVmrvkGkqyBa1","","","","","38.2309","-90.3857","anonymous","EN","1",1,"7","1","","","","","","","","","","","","","","","","","","","4","4","3","4","2","2","3","5","4","Velcromessage","","","Q596|v.vm|g.vm|s.vm|p.vm|a.vm|d.vm|u.vm|x.vm|i.vm"
"12/22/2025 8:10","12/22/2025 8:11","0","99.231.16.31","100","85","1","12/22/2025 8:11","R_3s493PfuyjuLch7","","","","","43.709","-79.4057","anonymous","EN","1",2,"7","1","2","2","2","2","3","2","2","2","4","","","","","","","","","","","","","","","","","","","Velcrogeneral","Q457|a.vg|g.vg|d.vg|u.vg|p.vg|i.vg|s.vg|v.vg|x.vg","",""
"12/22/2025 8:10","12/22/2025 8:12","0","31.94.68.221","100","84","1","12/22/2025 8:12","R_816dbS1lzrsAMUS","","","","","55.8486","-4.2216","anonymous","EN","1",3,"7","1","","","","","","","","","","3","2","3","2","1","4","2","1","4","","","","","","","","","","Velcroparticular","","Q538|p.vp|a.vp|g.vp|s.vp|d.vp|i.vp|u.vp|x.vp|v.vp",""
"12/22/2025 8:11","12/22/2025 8:12","0","67.80.94.223","100","39","1","12/22/2025 8:12","R_142d9ae6LgSHFh7","","","","","40.8444","-74.5791","anonymous","EN","1",4,"3","1","","","","","","","","","","","","","","","","","","","","","","","","","","","","","","",""
"12/22/2025 8:10","12/22/2025 8:12","0","92.22.233.177","100","81","1","12/22/2025 8:12","R_8YlwgGoMUbYQuTW","","","","","54.9536","-1.5743","anonymous","EN","1",5,"7","1","","","","","","","","","","1","1","1","1","1","1","1","1","4","","","","","","","","","","Velcroparticular","","Q538|u.vp|a.vp|x.vp|p.vp|g.vp|d.vp|i.vp|v.vp|s.vp",""
"12/22/2025 8:11","12/22/2025 8:12","0","82.0.153.189","100","55","1","12/22/2025 8:12","R_2tDo4owBtXxZ1em","","","","","50.368","-4.1329","anonymous","EN","1",6,"6","1","","","","","","","","","","","","","","","","","","","","","","","","","","","","","","",""
"12/22/2025 8:10","12/22/2025 8:12","0","72.69.11.217","100","90","1","12/22/2025 8:12","R_1KuVE007mKHAAqE","","","","","40.6914","-73.3731","anonymous","EN","1",7,"6","4","","","","","","","","","","","","","","","","","","","","","","","","","","","","","","",""
"12/22/2025 8:11","12/22/2025 8:12","0","41.13.122.200","100","60","1","12/22/2025 8:12","R_8CNRbc7fAEhKyTs","","","","","-25.757","28.1443","anonymous","EN","1",8,"7","2","","","","","","","","","","","","","","","","","","","","","","","","","","","","","","",""
"12/22/2025 8:11","12/22/2025 8:12","0","24.127.197.50","100","66","1","12/22/2025 8:12","R_7fpKaNU9tYFYqoo","","","","","42.7348","-84.6245","anonymous","EN","1",9,"7","1","","","","","","","","","","5","5","5","5","5","5","5","6","4","","","","","","","","","","Velcroparticular","","Q538|x.vp|a.vp|i.vp|g.vp|p.vp|s.vp|u.vp|v.vp|d.vp",""
"12/22/2025 8:10","12/22/2025 8:12","0","82.132.237.70","100","102","1","12/22/2025 8:12","R_8OuWlkmQSZ1URhd","","","","","53.5956","-1.6642","anonymous","EN","1",10,"7","1","4","3","6","5","3","2","4","6","4","","","","","","","","","","","","","","","","","","","Velcrogeneral","Q457|a.vg|v.vg|u.vg|i.vg|d.vg|x.vg|g.vg|p.vg|s.vg","",""
"12/22/2025 8:10","12/22/2025 8:12","0","85.221.137.246","100","105","1","12/22/2025 8:12","R_8Heh6LtufGtMLbi","","","","","52.4021","16.8668","anonymous","EN","1",11,"7","1","5","4","5","4","3","5","3","6","4","","","","","","","","","","","","","","","","","","","Velcrogeneral","Q457|d.vg|u.vg|s.vg|x.vg|i.vg|a.vg|g.vg|v.vg|p.vg","",""
"12/22/2025 8:10","12/22/2025 8:12","0","174.219.15.16","100","94","1","12/22/2025 8:12","R_1lmHZC62wRLNxlL","","","","","34.8946","-80.554","anonymous","EN","1",12,"7","2","","","","","","","","","","","","","","","","","","","","","","","","","","","","","","",""
"12/22/2025 8:10","12/22/2025 8:12","0","172.56.107.129","100","112","1","12/22/2025 8:12","R_7OmV3U9zpAQFbOh","","","","","47.3831","-122.2092","anonymous","EN","1",13,"7","1","","","","","","","","","","2","1","2","2","2","1","2","3","4","","","","","","","","","","Velcroparticular","","Q538|i.vp|x.vp|g.vp|a.vp|p.vp|v.vp|u.vp|s.vp|d.vp",""
"12/22/2025 8:10","12/22/2025 8:12","0","47.229.109.112","100","122","1","12/22/2025 8:12","R_1BtyUopt0kw3Yfn","","","","","34.1066","-117.5935","anonymous","EN","1",14,"7","1","","","","","","","","","","","","","","","","","","","5","2","4","5","4","4","3","5","4","Velcromessage","","","Q596|x.vm|p.vm|g.vm|u.vm|s.vm|i.vm|a.vm|d.vm|v.vm"
"12/22/2025 8:10","12/22/2025 8:12","0","93.38.48.239","100","105","1","12/22/2025 8:12","R_8HRcV8AGVzWI67s","","","","","45.4722","9.1922","anonymous","EN","1",15,"7","1","","","","","","","","","","","","","","","","","","","4","5","3","4","2","2","5","4","4","Velcromessage","","","Q596|s.vm|g.vm|p.vm|u.vm|d.vm|v.vm|x.vm|i.vm|a.vm"
"12/22/2025 8:10","12/22/2025 8:12","0","109.154.42.220","100","123","1","12/22/2025 8:12","R_84jDSJrAbbWjK1P","","","","","52.382","-1.5874","anonymous","EN","1",16,"7","1","1","2","2","2","1","1","2","2","4","","","","","","","","","","","","","","","","","","","Velcrogeneral","Q457|s.vg|u.vg|x.vg|d.vg|a.vg|v.vg|i.vg|p.vg|g.vg","",""
"12/22/2025 8:11","12/22/2025 8:12","0","176.24.50.58","100","93","1","12/22/2025 8:12","R_25MFSU07uOIvAsd","","","","","51.0686","-4.0203","anonymous","EN","1",17,"7","1","","","","","","","","","","3","1","6","3","3","6","5","5","4","","","","","","","","","","Velcroparticular","","Q538|g.vp|i.vp|s.vp|d.vp|u.vp|v.vp|p.vp|x.vp|a.vp",""
"12/22/2025 8:10","12/22/2025 8:12","0","90.215.24.2","100","109","1","12/22/2025 8:12","R_8eFZNc2j99VX7Ij","","","","","52.999","-2.1871","anonymous","EN","1",18,"7","1","4","1","2","4","2","3","1","4","4","","","","","","","","","","","","","","","","","","","Velcrogeneral","Q457|v.vg|u.vg|g.vg|x.vg|p.vg|d.vg|a.vg|i.vg|s.vg","",""
"12/22/2025 8:10","12/22/2025 8:12","0","81.109.18.73","100","115","1","12/22/2025 8:12","R_8it05MW4Bso6LLi","","","","","52.6181","-1.1804","anonymous","EN","1",19,"7","1","","","","","","","","","","","","","","","","","","","1","1","1","1","4","1","1","7","4","Velcromessage","","","Q596|d.vm|x.vm|g.vm|p.vm|s.vm|a.vm|i.vm|u.vm|v.vm"
"12/22/2025 8:11","12/22/2025 8:12","0","82.132.238.178","100","76","1","12/22/2025 8:12","R_8tzACZG0FwsUCKi","","","","","53.5956","-1.6642","anonymous","EN","1",20,"5","1","","","","","","","","","","","","","","","","","","","","","","","","","","","","","","",""
"12/22/2025 8:11","12/22/2025 8:12","0","67.248.90.8","100","73","1","12/22/2025 8:12","R_6Q3fMNAa8dss0eo","","","","","42.6552","-73.802","anonymous","EN","1",21,"7","1","","","","","","","","","","","","","","","","","","","5","2","3","4","4","2","2","3","4","Velcromessage","","","Q596|v.vm|a.vm|x.vm|u.vm|s.vm|g.vm|p.vm|d.vm|i.vm"
"12/22/2025 8:11","12/22/2025 8:12","0","93.102.208.56","100","103","1","12/22/2025 8:12","R_2akGLxJPRCi0RVP","","","","","41.5515","-8.4204","anonymous","EN","1",22,"7","1","","","","","","","","","","","","","","","","","","","4","5","3","3","4","4","3","6","4","Velcromessage","","","Q596|d.vm|p.vm|x.vm|i.vm|g.vm|s.vm|a.vm|u.vm|v.vm"
"12/22/2025 8:11","12/22/2025 8:12","0","86.176.12.9","100","108","1","12/22/2025 8:12","R_2Nrg5DIF4V03XqP","","","","","54.3281","-5.7153","anonymous","EN","1",23,"7","1","","","","","","","","","","","","","","","","","","","3","3","5","3","3","4","2","5","4","Velcromessage","","","Q596|g.vm|d.vm|i.vm|x.vm|v.vm|a.vm|p.vm|s.vm|u.vm"
"12/22/2025 8:11","12/22/2025 8:12","0","151.77.4.224","100","112","1","12/22/2025 8:12","R_8QKRsNDenDCY4xz","","","","","40.8449","14.2716","anonymous","EN","1",24,"7","1","5","5","3","5","4","5","4","3","4","","","","","","","","","","","","","","","","","","","Velcrogeneral","Q457|u.vg|a.vg|g.vg|s.vg|x.vg|i.vg|p.vg|d.vg|v.vg","",""
"12/22/2025 8:11","12/22/2025 8:12","0","66.61.195.238","100","102","1","12/22/2025 8:12","R_6DnFrN2Circbhiw","","","","","34.1847","-79.7704","anonymous","EN","1",25,"7","1","","","","","","","","","","","","","","","","","","","5","2","5","5","6","6","3","6","4","Velcromessage","","","Q596|x.vm|d.vm|a.vm|u.vm|i.vm|p.vm|v.vm|s.vm|g.vm"
"12/22/2025 8:10","12/22/2025 8:12","0","90.207.42.29","100","121","1","12/22/2025 8:13","R_8fkM2aPoN9HF3eL","","","","","53.3975","-2.9206","anonymous","EN","1",26,"7","1","","","","","","","","","","4","5","4","3","3","3","4","5","4","","","","","","","","","","Velcroparticular","","Q538|s.vp|i.vp|a.vp|u.vp|g.vp|p.vp|d.vp|v.vp|x.vp",""
"12/22/2025 8:11","12/22/2025 8:13","0","102.207.180.41","100","92","1","12/22/2025 8:13","R_84xbPQ2PYRtuUZA","","","","","-23.8287","30.1672","anonymous","EN","1",27,"6","1","","","","","","","","","","","","","","","","","","","","","","","","","","","","","","",""
"12/22/2025 8:11","12/22/2025 8:13","0","99.233.6.225","100","71","1","12/22/2025 8:13","R_5WqpecQW39IefL3","","","","","43.5903","-79.7598","anonymous","EN","1",28,"5","1","","","","","","","","","","","","","","","","","","","","","","","","","","","","","","",""
"12/22/2025 8:11","12/22/2025 8:13","0","73.19.254.154","100","114","1","12/22/2025 8:13","R_77fXqxmk1t7YhzE","","","","","36.0869","-84.1897","anonymous","EN","1",29,"7","1","","","","","","","","","","2","4","5","2","2","5","2","3","4","","","","","","","","","","Velcroparticular","","Q538|p.vp|i.vp|s.vp|x.vp|d.vp|a.vp|u.vp|g.vp|v.vp",""
"12/22/2025 8:11","12/22/2025 8:13","0","92.220.117.247","100","102","1","12/22/2025 8:13","R_8P7Vk3mpiQcov7C","","","","","59.9396","11.0036","anonymous","EN","1",30,"7","1","","","","","","","","","","","","","","","","","","","5","5","4","5","4","5","5","7","4","Velcromessage","","","Q596|x.vm|i.vm|d.vm|s.vm|a.vm|p.vm|u.vm|g.vm|v.vm"
"12/22/2025 8:11","12/22/2025 8:13","0","205.194.16.38","100","113","1","12/22/2025 8:13","R_7PC6LRQUBGnt727","","","","","45.4223","-75.7081","anonymous","EN","1",31,"7","1","3","5","5","5","3","2","5","5","4","","","","","","","","","","","","","","","","","","","Velcrogeneral","Q457|s.vg|i.vg|p.vg|v.vg|g.vg|a.vg|x.vg|u.vg|d.vg","",""
"12/22/2025 8:10","12/22/2025 8:13","0","102.221.201.2","100","143","1","12/22/2025 8:13","R_8zH1Ky5kGDAQJaN","","","","","-26.2296","28.1272","anonymous","EN","1",32,"7","3","","","","","","","","","","","","","","","","","","","","","","","","","","","","","","",""
"12/22/2025 8:11","12/22/2025 8:13","0","212.228.148.76","100","126","1","12/22/2025 8:13","R_2D1DzsMNhmGbCjN","","","","","53.7287","-2.6559","anonymous","EN","1",33,"7","1","","","","","","","","","","5","5","6","6","6","5","6","6","4","","","","","","","","","","Velcroparticular","","Q538|s.vp|i.vp|x.vp|v.vp|g.vp|u.vp|p.vp|d.vp|a.vp",""
"12/22/2025 8:11","12/22/2025 8:13","0","174.206.165.122","100","106","1","12/22/2025 8:13","R_1HxdvQsdLLjBuYF","","","","","40.7597","-74.1836","anonymous","EN","1",34,"7","1","5","3","5","4","5","6","4","5","4","","","","","","","","","","","","","","","","","","","Velcrogeneral","Q457|s.vg|g.vg|d.vg|i.vg|v.vg|u.vg|a.vg|x.vg|p.vg","",""
"12/22/2025 8:11","12/22/2025 8:13","0","174.117.172.14","100","72","1","12/22/2025 8:13","R_1OAVgV7nC5WYH7j","","","","","47.5257","-52.8809","anonymous","EN","1",35,"7","1","2","1","5","4","3","3","1","5","4","","","","","","","","","","","","","","","","","","","Velcrogeneral","Q457|i.vg|a.vg|d.vg|g.vg|x.vg|p.vg|v.vg|u.vg|s.vg","",""
"12/22/2025 8:11","12/22/2025 8:13","0","84.70.202.193","100","94","1","12/22/2025 8:13","R_8ljUo6bytA2Zb1L","","","","","53.4821","-2.5103","anonymous","EN","1",36,"7","1","","","","","","","","","","","","","","","","","","","1","3","2","1","2","1","1","3","4","Velcromessage","","","Q596|u.vm|x.vm|i.vm|s.vm|g.vm|d.vm|p.vm|v.vm|a.vm"
"12/22/2025 8:11","12/22/2025 8:13","0","92.29.25.150","100","102","1","12/22/2025 8:13","R_2xK4EROeWfi0Vse","","","","","50.746","-1.9791","anonymous","EN","1",37,"7","1","","","","","","","","","","","","","","","","","","","6","6","6","7","6","6","7","7","4","Velcromessage","","","Q596|p.vm|d.vm|s.vm|x.vm|i.vm|v.vm|a.vm|u.vm|g.vm"
"12/22/2025 8:11","12/22/2025 8:13","0","172.56.221.205","100","129","1","12/22/2025 8:13","R_1CuIEJR8MIMiVUJ","","","","","39.9357","-75.1832","anonymous","EN","1",38,"7","1","","","","","","","","","","5","6","3","5","5","5","4","6","4","","","","","","","","","","Velcroparticular","","Q538|d.vp|u.vp|v.vp|s.vp|i.vp|p.vp|x.vp|a.vp|g.vp",""
"12/22/2025 8:10","12/22/2025 8:13","0","84.9.20.25","100","156","1","12/22/2025 8:13","R_2xSp9A4C7ZEFwoR","","","","","52.25","-0.8833","anonymous","EN","1",39,"7","1","","","","","","","","","","","","","","","","","","","2","1","2","2","2","1","2","4","4","Velcromessage","","","Q596|x.vm|u.vm|v.vm|i.vm|s.vm|a.vm|g.vm|d.vm|p.vm"
"12/22/2025 8:11","12/22/2025 8:13","0","103.106.88.137","100","119","1","12/22/2025 8:13","R_4FapMFiXLx4kgml","","","","","-31.92","115.861","anonymous","EN","1",40,"7","1","","","","","","","","","","2","2","2","2","1","3","2","3","4","","","","","","","","","","Velcroparticular","","Q538|a.vp|x.vp|v.vp|p.vp|i.vp|u.vp|g.vp|s.vp|d.vp",""
"12/22/2025 8:11","12/22/2025 8:13","0","213.78.172.4","100","94","1","12/22/2025 8:13","R_8VvIsllH1d7XWmq","","","","","50.2389","-5.2295","anonymous","EN","1",41,"7","1","5","6","6","6","5","5","6","6","4","","","","","","","","","","","","","","","","","","","Velcrogeneral","Q457|x.vg|a.vg|p.vg|i.vg|u.vg|d.vg|v.vg|g.vg|s.vg","",""
"12/22/2025 8:11","12/22/2025 8:13","0","219.104.136.244","100","131","1","12/22/2025 8:13","R_4IzxYoiJEEufHVw","","","","","35.6837","139.6805","anonymous","EN","1",42,"7","1","","","","","","","","","","","","","","","","","","","5","4","5","5","5","4","4","7","4","Velcromessage","","","Q596|u.vm|x.vm|d.vm|p.vm|a.vm|i.vm|v.vm|s.vm|g.vm"
"12/22/2025 8:10","12/22/2025 8:13","0","102.66.159.181","100","166","1","12/22/2025 8:13","R_8mqoGXpMXsAohvt","","","","","-25.8079","28.738","anonymous","EN","1",43,"7","1","5","5","7","4","4","6","2","4","4","","","","","","","","","","","","","","","","","","","Velcrogeneral","Q457|s.vg|d.vg|g.vg|x.vg|v.vg|i.vg|p.vg|a.vg|u.vg","",""
"12/22/2025 8:10","12/22/2025 8:13","0","192.166.211.229","100","153","1","12/22/2025 8:13","R_2pKbobr4SI39wP2","","","","","51.5112","0.03","anonymous","EN","1",44,"7","1","2","1","4","4","2","3","3","4","4","","","","","","","","","","","","","","","","","","","Velcrogeneral","Q457|d.vg|i.vg|s.vg|u.vg|g.vg|v.vg|x.vg|a.vg|p.vg","",""
"12/22/2025 8:11","12/22/2025 8:13","0","82.45.205.148","100","86","1","12/22/2025 8:13","R_8VqmZvN3Lr8ZNIq","","","","","55.7819","-4.0029","anonymous","EN","1",45,"6","1","","","","","","","","","","","","","","","","","","","","","","","","","","","","","","",""
"12/22/2025 8:11","12/22/2025 8:13","0","46.64.70.186","100","100","1","12/22/2025 8:13","R_8wnLIreLahX1rkh","","","","","51.4535","-2.5917","anonymous","EN","1",46,"7","1","","","","","","","","","","","","","","","","","","","2","2","2","2","2","2","2","2","4","Velcromessage","","","Q596|a.vm|x.vm|v.vm|i.vm|d.vm|g.vm|u.vm|s.vm|p.vm"
"12/22/2025 8:11","12/22/2025 8:13","0","76.151.59.117","100","110","1","12/22/2025 8:13","R_58gVL9ce7DukKMp","","","","","39.3641","-77.4622","anonymous","EN","1",47,"7","1","","","","","","","","","","3","2","3","2","4","3","3","5","4","","","","","","","","","","Velcroparticular","","Q538|g.vp|i.vp|d.vp|a.vp|s.vp|v.vp|x.vp|p.vp|u.vp",""
"12/22/2025 8:10","12/22/2025 8:13","0","82.71.54.89","100","155","1","12/22/2025 8:13","R_2g0xmebhmlFi035","","","","","54.5554","-1.5151","anonymous","EN","1",48,"7","1","","","","","","","","","","","","","","","","","","","5","3","4","5","4","3","2","4","4","Velcromessage","","","Q596|g.vm|v.vm|u.vm|a.vm|x.vm|p.vm|i.vm|s.vm|d.vm"
"12/22/2025 8:12","12/22/2025 8:13","0","94.5.121.78","100","83","1","12/22/2025 8:13","R_2n89wzVPUoiXIx4","","","","","52.253","0.8212","anonymous","EN","1",49,"7","1","4","3","3","3","3","2","3","3","4","","","","","","","","","","","","","","","","","","","Velcrogeneral","Q457|x.vg|v.vg|u.vg|i.vg|g.vg|s.vg|a.vg|d.vg|p.vg","",""
"12/22/2025 8:12","12/22/2025 8:13","0","142.112.254.95","100","80","1","12/22/2025 8:13","R_6vYRI1To26WDovB","","","","","43.6426","-79.4002","anonymous","EN","1",50,"7","1","5","6","6","5","4","7","4","6","4","","","","","","","","","","","","","","","","","","","Velcrogeneral","Q457|u.vg|g.vg|a.vg|v.vg|x.vg|p.vg|d.vg|i.vg|s.vg","",""
"12/22/2025 8:11","12/22/2025 8:13","0","65.51.64.233","100","154","1","12/22/2025 8:13","R_1enyP3qo6L4RgPb","","","","","40.7864","-73.193","anonymous","EN","1",51,"7","1","","","","","","","","","","","","","","","","","","","5","4","5","5","3","2","3","7","4","Velcromessage","","","Q596|i.vm|x.vm|u.vm|g.vm|v.vm|s.vm|p.vm|a.vm|d.vm"
"12/22/2025 8:11","12/22/2025 8:13","0","119.111.240.239","100","112","1","12/22/2025 8:13","R_4Cd2IzKK2UyqerO","","","","","14.5051","121.0272","anonymous","EN","1",52,"7","1","","","","","","","","","","3","3","3","3","2","4","2","2","4","","","","","","","","","","Velcroparticular","","Q538|d.vp|p.vp|a.vp|u.vp|x.vp|i.vp|s.vp|g.vp|v.vp",""
"12/22/2025 8:12","12/22/2025 8:13","0","105.4.5.136","100","58","1","12/22/2025 8:13","R_2Ff13FZ8HSJWnhn","","","","","-26.2309","28.0583","anonymous","EN","1",53,"7","6","","","","","","","","","","","","","","","","","","","","","","","","","","","","","","",""
"12/22/2025 8:12","12/22/2025 8:13","0","86.140.200.190","100","101","1","12/22/2025 8:13","R_2ui5eoOdFonq2hb","","","","","50.827","-0.3782","anonymous","EN","1",54,"7","1","","","","","","","","","","5","5","5","3","2","4","2","2","4","","","","","","","","","","Velcroparticular","","Q538|p.vp|a.vp|g.vp|v.vp|i.vp|d.vp|u.vp|x.vp|s.vp",""
"12/22/2025 8:10","12/22/2025 8:13","0","79.135.124.153","100","185","1","12/22/2025 8:13","R_8WJ71BkCHZLddig","","","","","52.784","-0.1505","anonymous","EN","1",55,"7","1","","","","","","","","","","","","","","","","","","","5","4","4","4","5","5","3","4","4","Velcromessage","","","Q596|g.vm|v.vm|a.vm|i.vm|s.vm|p.vm|d.vm|u.vm|x.vm"
"12/22/2025 8:11","12/22/2025 8:13","0","146.199.160.74","100","138","1","12/22/2025 8:13","R_2SHY5qgRfr2CTZv","","","","","51.2887","-0.7957","anonymous","EN","1",56,"7","1","6","4","6","5","5","5","5","3","4","","","","","","","","","","","","","","","","","","","Velcrogeneral","Q457|d.vg|s.vg|u.vg|v.vg|a.vg|i.vg|g.vg|p.vg|x.vg","",""
"12/22/2025 8:11","12/22/2025 8:13","0","91.55.192.28","100","152","1","12/22/2025 8:13","R_8v79KnKhRhjIkOG","","","","","53.9179","10.7985","anonymous","EN","1",57,"7","1","","","","","","","","","","5","5","5","5","4","6","5","5","4","","","","","","","","","","Velcroparticular","","Q538|v.vp|p.vp|d.vp|i.vp|x.vp|a.vp|s.vp|u.vp|g.vp",""
"12/22/2025 8:11","12/22/2025 8:13","0","176.58.159.5","100","168","1","12/22/2025 8:13","R_20v4t7BU96CEFoj","","","","","37.9703","23.6413","anonymous","EN","1",58,"7","1","","","","","","","","","","3","1","4","3","2","2","1","1","4","","","","","","","","","","Velcroparticular","","Q538|s.vp|d.vp|a.vp|x.vp|u.vp|i.vp|v.vp|p.vp|g.vp",""
"12/22/2025 8:11","12/22/2025 8:13","0","99.237.218.175","100","136","1","12/22/2025 8:14","R_5qCMJxFxxwrzboS","","","","","43.767","-79.1828","anonymous","EN","1",59,"7","1","","","","","","","","","","","","","","","","","","","5","6","6","4","6","5","3","7","4","Velcromessage","","","Q596|x.vm|g.vm|d.vm|u.vm|p.vm|s.vm|i.vm|a.vm|v.vm"
"12/22/2025 8:11","12/22/2025 8:14","0","94.1.15.173","100","151","1","12/22/2025 8:14","R_2dEWpo8Q3hs8GNd","","","","","50.9363","-1.4329","anonymous","EN","1",60,"7","1","","","","","","","","","","6","7","7","6","6","6","6","4","4","","","","","","","","","","Velcroparticular","","Q538|i.vp|v.vp|a.vp|g.vp|x.vp|u.vp|s.vp|d.vp|p.vp",""
"12/22/2025 8:11","12/22/2025 8:14","0","216.249.53.63","100","129","1","12/22/2025 8:14","R_6WOKQ51ER8fgyWc","","","","","43.1291","-80.3295","anonymous","EN","1",61,"7","1","","","","","","","","","","","","","","","","","","","2","1","2","2","2","2","2","5","4","Velcromessage","","","Q596|g.vm|u.vm|p.vm|x.vm|i.vm|a.vm|d.vm|s.vm|v.vm"
"12/22/2025 8:11","12/22/2025 8:14","0","105.0.2.246","100","167","1","12/22/2025 8:14","R_2MLuFuPyWdHGaNa","","","","","-26.1917","28.0523","anonymous","EN","1",62,"7","1","","","","","","","","","","","","","","","","","","","3","2","5","3","3","1","3","7","4","Velcromessage","","","Q596|i.vm|x.vm|g.vm|s.vm|p.vm|d.vm|a.vm|v.vm|u.vm"
"12/22/2025 8:11","12/22/2025 8:14","0","51.7.38.107","100","134","1","12/22/2025 8:14","R_2YoSbWwhsHomEcp","","","","","54.4004","-1.7358","anonymous","EN","1",63,"7","1","2","1","5","2","2","5","2","2","4","","","","","","","","","","","","","","","","","","","Velcrogeneral","Q457|d.vg|u.vg|s.vg|v.vg|i.vg|p.vg|x.vg|g.vg|a.vg","",""
"12/22/2025 8:11","12/22/2025 8:14","0","197.185.183.202","100","133","1","12/22/2025 8:14","R_85FP59jHgb7NzXM","","","","","-26.2309","28.0583","anonymous","EN","1",64,"6","1","","","","","","","","","","","","","","","","","","","","","","","","","","","","","","",""
"12/22/2025 8:11","12/22/2025 8:14","0","81.152.170.197","100","186","1","12/22/2025 8:14","R_8oimveYi3tAUnkO","","","","","51.1385","-2.7168","anonymous","EN","1",65,"7","1","","","","","","","","","","4","5","5","7","5","5","3","6","4","","","","","","","","","","Velcroparticular","","Q538|g.vp|u.vp|d.vp|x.vp|v.vp|a.vp|s.vp|p.vp|i.vp",""
"12/22/2025 8:12","12/22/2025 8:14","0","14.2.155.60","100","130","1","12/22/2025 8:14","R_9D2lhcPsPNNlPB2","","","","","-42.8836","147.4062","anonymous","EN","1",66,"7","1","","","","","","","","","","","","","","","","","","","4","2","4","4","4","4","4","6","4","Velcromessage","","","Q596|i.vm|d.vm|s.vm|g.vm|p.vm|x.vm|v.vm|a.vm|u.vm"
"12/22/2025 8:12","12/22/2025 8:14","0","147.161.237.79","100","96","1","12/22/2025 8:14","R_27j0nP7doLDNMvr","","","","","53.4809","-2.2374","anonymous","EN","1",67,"7","1","6","5","6","5","6","5","7","4","4","","","","","","","","","","","","","","","","","","","Velcrogeneral","Q457|s.vg|a.vg|x.vg|v.vg|p.vg|d.vg|u.vg|g.vg|i.vg","",""
"12/22/2025 8:12","12/22/2025 8:14","0","172.56.3.101","100","80","1","12/22/2025 8:14","R_3BzHdHzTqmdVGzo","","","","","38.9816","-77.0044","anonymous","EN","1",68,"7","1","","","","","","","","","","","","","","","","","","","2","1","2","2","1","2","1","2","4","Velcromessage","","","Q596|u.vm|x.vm|s.vm|g.vm|d.vm|p.vm|a.vm|v.vm|i.vm"
"12/22/2025 8:12","12/22/2025 8:14","0","86.26.97.151","100","80","1","12/22/2025 8:14","R_2Ivk32ZYolUtarG","","","","","51.6131","-4.0441","anonymous","EN","1",69,"7","1","","","","","","","","","","","","","","","","","","","4","3","3","3","4","2","3","5","4","Velcromessage","","","Q596|v.vm|g.vm|u.vm|i.vm|p.vm|d.vm|a.vm|x.vm|s.vm"
"12/22/2025 8:11","12/22/2025 8:14","0","194.74.19.110","100","176","1","12/22/2025 8:14","R_2nUDOOMCe5Pj2mh","","","","","53.5689","-2.0887","anonymous","EN","1",70,"7","1","4","3","5","3","3","4","4","5","4","","","","","","","","","","","","","","","","","","","Velcrogeneral","Q457|g.vg|i.vg|u.vg|d.vg|p.vg|a.vg|v.vg|s.vg|x.vg","",""
"12/22/2025 8:11","12/22/2025 8:14","0","81.106.127.178","100","173","1","12/22/2025 8:14","R_8M2qkvzhpUKFCzD","","","","","52.6511","-2.1014","anonymous","EN","1",71,"7","1","3","1","1","2","2","2","1","1","4","","","","","","","","","","","","","","","","","","","Velcrogeneral","Q457|v.vg|p.vg|i.vg|s.vg|g.vg|d.vg|u.vg|a.vg|x.vg","",""
"12/22/2025 8:11","12/22/2025 8:14","0","98.206.160.101","100","185","1","12/22/2025 8:14","R_7fjkJcaXx8orMdb","","","","","41.8018","-87.5993","anonymous","EN","1",72,"7","1","","","","","","","","","","4","2","4","4","3","3","3","4","4","","","","","","","","","","Velcroparticular","","Q538|x.vp|i.vp|g.vp|p.vp|s.vp|v.vp|u.vp|a.vp|d.vp",""
"12/22/2025 8:13","12/22/2025 8:14","0","81.98.222.110","100","75","1","12/22/2025 8:14","R_8C9sdFWFrd2oSA1","","","","","51.6524","-0.2752","anonymous","EN","1",73,"7","1","","","","","","","","","","","","","","","","","","","3","2","2","3","2","1","2","6","4","Velcromessage","","","Q596|s.vm|v.vm|x.vm|d.vm|a.vm|g.vm|i.vm|u.vm|p.vm"
"12/22/2025 8:12","12/22/2025 8:14","0","89.19.79.13","100","135","1","12/22/2025 8:14","R_8nuTaFBQ0uqVi4h","","","","","53.3472","-6.2439","anonymous","EN","1",74,"7","1","","","","","","","","","","2","1","4","2","2","3","1","2","4","","","","","","","","","","Velcroparticular","","Q538|v.vp|i.vp|u.vp|a.vp|d.vp|p.vp|g.vp|x.vp|s.vp",""
"12/22/2025 8:13","12/22/2025 8:14","0","82.12.39.227","100","67","1","12/22/2025 8:14","R_2jZc3RqkSuUCKFu","","","","","51.4017","-0.1624","anonymous","EN","1",75,"7","1","","","","","","","","","","","","","","","","","","","2","2","3","2","3","2","3","6","4","Velcromessage","","","Q596|p.vm|g.vm|v.vm|d.vm|u.vm|x.vm|a.vm|s.vm|i.vm"
"12/22/2025 8:13","12/22/2025 8:14","0","102.219.162.110","100","42","1","12/22/2025 8:14","R_8LvYj0SjGFT552R","","","","","-26.2309","28.0583","anonymous","EN","1",76,"7","6","","","","","","","","","","","","","","","","","","","","","","","","","","","","","","",""
"12/22/2025 8:11","12/22/2025 8:14","0","102.254.162.28","100","172","1","12/22/2025 8:14","R_8U4PVE7NEPEw13P","","","","","-26.2309","28.0583","anonymous","EN","1",77,"7","2","","","","","","","","","","","","","","","","","","","","","","","","","","","","","","",""
"12/22/2025 8:12","12/22/2025 8:14","0","85.255.237.30","100","110","1","12/22/2025 8:14","R_8yKKBLt98A7gzFD","","","","","51.4964","-0.1224","anonymous","EN","1",78,"7","1","1","1","3","1","1","4","1","5","4","","","","","","","","","","","","","","","","","","","Velcrogeneral","Q457|x.vg|u.vg|g.vg|d.vg|a.vg|i.vg|p.vg|v.vg|s.vg","",""
"12/22/2025 8:11","12/22/2025 8:14","0","76.26.247.159","100","172","1","12/22/2025 8:14","R_5CqfyI7UGuXXQGU","","","","","28.8851","-81.3093","anonymous","EN","1",79,"7","1","","","","","","","","","","","","","","","","","","","3","3","4","4","3","4","2","4","4","Velcromessage","","","Q596|i.vm|p.vm|d.vm|a.vm|u.vm|v.vm|x.vm|g.vm|s.vm"
"12/22/2025 8:13","12/22/2025 8:14","0","188.39.160.202","100","65","1","12/22/2025 8:14","R_8QKV1Cc83P7suo8","","","","","55.8473","-4.1825","anonymous","EN","1",80,"7","1","","","","","","","","","","2","3","2","2","2","4","2","2","4","","","","","","","","","","Velcroparticular","","Q538|d.vp|v.vp|i.vp|s.vp|g.vp|u.vp|x.vp|p.vp|a.vp",""
"12/22/2025 8:10","12/22/2025 8:14","0","97.85.243.106","100","226","1","12/22/2025 8:14","R_7TnszepaJwWJeUg","","","","","39.1692","-91.8893","anonymous","EN","1",81,"7","1","","","","","","","","","","2","2","2","2","2","3","2","2","4","","","","","","","","","","Velcroparticular","","Q538|u.vp|d.vp|s.vp|p.vp|v.vp|a.vp|x.vp|i.vp|g.vp",""
"12/22/2025 8:12","12/22/2025 8:14","0","92.211.2.97","100","119","1","12/22/2025 8:14","R_8PuwLS4Ox6AiIcS","","","","","52.5196","13.4069","anonymous","EN","1",82,"7","1","","","","","","","","","","","","","","","","","","","4","4","5","4","4","4","4","4","4","Velcromessage","","","Q596|v.vm|s.vm|x.vm|p.vm|i.vm|a.vm|d.vm|u.vm|g.vm"
"12/22/2025 8:12","12/22/2025 8:14","0","86.166.44.210","100","161","1","12/22/2025 8:14","R_8o0eOfc1Qqx99hv","","","","","53.7128","-1.8515","anonymous","EN","1",83,"7","1","","","","","","","","","","3","2","5","3","2","4","2","6","4","","","","","","","","","","Velcroparticular","","Q538|g.vp|p.vp|i.vp|v.vp|u.vp|x.vp|a.vp|d.vp|s.vp",""
"12/22/2025 8:14","12/22/2025 8:14","0","102.66.159.197","100","50","1","12/22/2025 8:14","R_2hzQM2oIO69i0n7","","","","","-25.8079","28.738","anonymous","EN","1",84,"7","7","","","","","","","","","","","","","","","","","","","","","","","","","","","","","","",""
"12/22/2025 8:13","12/22/2025 8:14","0","71.227.152.16","100","111","1","12/22/2025 8:14","R_68tB1rDauQmgji9","","","","","47.5583","-122.0021","anonymous","EN","1",85,"7","1","","","","","","","","","","5","3","5","5","4","5","5","4","4","","","","","","","","","","Velcroparticular","","Q538|g.vp|v.vp|x.vp|u.vp|a.vp|p.vp|i.vp|s.vp|d.vp",""
"12/22/2025 8:12","12/22/2025 8:14","0","82.13.16.3","100","118","1","12/22/2025 8:14","R_2p5MmGBq9cbDe6O","","","","","53.4096","-2.9792","anonymous","EN","1",86,"7","1","","","","","","","","","","","","","","","","","","","3","3","3","3","3","2","3","3","4","Velcromessage","","","Q596|s.vm|g.vm|a.vm|d.vm|x.vm|v.vm|u.vm|i.vm|p.vm"
"12/22/2025 8:10","12/22/2025 8:14","0","2.99.57.115","100","240","1","12/22/2025 8:14","R_2HXt4ZYQa4ztnGd","","","","","52.4867","-1.8989","anonymous","EN","1",87,"7","1","","","","","","","","","","","","","","","","","","","1","1","1","1","1","1","2","1","4","Velcromessage","","","Q596|s.vm|d.vm|u.vm|i.vm|p.vm|v.vm|x.vm|g.vm|a.vm"
"12/22/2025 8:13","12/22/2025 8:14","0","24.189.17.217","100","83","1","12/22/2025 8:14","R_3DNSqeU9Pbtzzka","","","","","40.6372","-73.9037","anonymous","EN","1",88,"7","1","","","","","","","","","","","","","","","","","","","5","4","4","4","4","4","5","6","4","Velcromessage","","","Q596|v.vm|p.vm|d.vm|a.vm|g.vm|i.vm|u.vm|s.vm|x.vm"
"12/22/2025 8:11","12/22/2025 8:14","0","24.67.41.93","100","219","1","12/22/2025 8:14","R_79HYkloeprxENl7","","","","","50.7033","-119.2683","anonymous","EN","1",89,"7","1","6","4","7","5","6","6","5","6","4","","","","","","","","","","","","","","","","","","","Velcrogeneral","Q457|d.vg|s.vg|u.vg|g.vg|v.vg|a.vg|i.vg|x.vg|p.vg","",""
"12/22/2025 8:11","12/22/2025 8:14","0","102.140.255.182","100","232","1","12/22/2025 8:14","R_848n9B40nr7N965","","","","","-1.2841","36.8155","anonymous","EN","1",90,"7","1","3","1","6","3","6","4","6","7","4","","","","","","","","","","","","","","","","","","","Velcrogeneral","Q457|i.vg|v.vg|u.vg|g.vg|d.vg|s.vg|x.vg|a.vg|p.vg","",""
"12/22/2025 8:13","12/22/2025 8:14","0","68.55.111.120","100","68","1","12/22/2025 8:14","R_7oR62TOhdEpnWkV","","","","","42.6013","-83.178","anonymous","EN","1",91,"4","2","","","","","","","","","","","","","","","","","","","","","","","","","","","","","","",""
"12/22/2025 8:11","12/22/2025 8:14","0","81.104.29.142","100","202","1","12/22/2025 8:14","R_8p6b446O2aEGema","","","","","52.4691","-1.7429","anonymous","EN","1",92,"7","1","4","5","4","4","2","2","4","6","4","","","","","","","","","","","","","","","","","","","Velcrogeneral","Q457|a.vg|d.vg|v.vg|g.vg|s.vg|u.vg|x.vg|p.vg|i.vg","",""
"12/22/2025 8:13","12/22/2025 8:15","0","84.9.30.10","100","118","1","12/22/2025 8:15","R_2EDsigiWT4mRIVr","","","","","57.809","-4.0576","anonymous","EN","1",93,"7","1","","","","","","","","","","6","5","6","6","6","5","6","5","4","","","","","","","","","","Velcroparticular","","Q538|i.vp|p.vp|a.vp|v.vp|u.vp|s.vp|g.vp|x.vp|d.vp",""
"12/22/2025 8:11","12/22/2025 8:15","0","82.34.155.57","100","237","1","12/22/2025 8:15","R_8laAr1kf1GBf0Ou","","","","","51.5827","-0.0901","anonymous","EN","1",94,"7","1","","","","","","","","","","1","1","3","1","1","1","1","2","4","","","","","","","","","","Velcroparticular","","Q538|x.vp|a.vp|u.vp|g.vp|i.vp|s.vp|p.vp|d.vp|v.vp",""
"12/22/2025 8:10","12/22/2025 8:15","0","102.253.119.10","100","245","1","12/22/2025 8:15","R_85EHPvPVezbmFyY","","","","","-25.7005","28.2247","anonymous","EN","1",95,"7","1","","","","","","","","","","5","5","7","5","5","6","5","5","7","","","","","","","","","","Velcroparticular","","Q538|i.vp|u.vp|d.vp|g.vp|x.vp|s.vp|a.vp|p.vp|v.vp",""
"12/22/2025 8:12","12/22/2025 8:15","0","41.124.189.45","100","180","1","12/22/2025 8:15","R_2b28FKwjVQf4Z0z","","","","","-33.42","19.2025","anonymous","EN","1",96,"6","1","","","","","","","","","","","","","","","","","","","","","","","","","","","","","","",""
"12/22/2025 8:13","12/22/2025 8:15","0","102.66.183.176","100","69","1","12/22/2025 8:15","R_2CCy912EdzaeZTb","","","","","-26.5849","27.8261","anonymous","EN","1",97,"6","6","","","","","","","","","","","","","","","","","","","","","","","","","","","","","","",""
"12/22/2025 8:13","12/22/2025 8:15","0","2.102.104.75","100","74","1","12/22/2025 8:15","R_2rOoJCnvsMAQi0y","","","","","52.6494","-1.1203","anonymous","EN","1",98,"7","1","","","","","","","","","","","","","","","","","","","2","2","2","2","2","2","2","4","4","Velcromessage","","","Q596|a.vm|u.vm|g.vm|p.vm|i.vm|x.vm|d.vm|v.vm|s.vm"
"12/22/2025 8:10","12/22/2025 8:15","0","182.77.73.232","100","256","1","12/22/2025 8:15","R_4eQU3WHR1MfYM8P","","","","","28.6327","77.2198","anonymous","EN","1",99,"7","1","","","","","","","","","","4","3","4","4","3","3","3","4","4","","","","","","","","","","Velcroparticular","","Q538|x.vp|a.vp|s.vp|g.vp|u.vp|p.vp|d.vp|i.vp|v.vp",""
"12/22/2025 8:12","12/22/2025 8:15","0","106.51.178.25","100","166","1","12/22/2025 8:15","R_9OCNdGIllaHkCml","","","","","13.0895","80.2739","anonymous","EN","1",100,"7","1","","","","","","","","","","","","","","","","","","","4","4","4","4","4","4","4","4","4","Velcromessage","","","Q596|x.vm|i.vm|g.vm|a.vm|p.vm|u.vm|v.vm|s.vm|d.vm"
"12/22/2025 8:12","12/22/2025 8:15","0","197.185.129.32","100","165","1","12/22/2025 8:15","R_2aRhh2V7HGgN2rS","","","","","-26.2309","28.0583","anonymous","EN","1",101,"7","1","1","1","3","1","2","2","1","3","3","","","","","","","","","","","","","","","","","","","Velcrogeneral","Q457|x.vg|u.vg|v.vg|g.vg|s.vg|p.vg|a.vg|d.vg|i.vg","",""
"12/22/2025 8:12","12/22/2025 8:15","0","99.228.25.36","100","142","1","12/22/2025 8:15","R_5LbwQvcSB5fjqrR","","","","","43.8678","-79.442","anonymous","EN","1",102,"7","1","","","","","","","","","","","","","","","","","","","5","6","7","6","6","5","7","6","4","Velcromessage","","","Q596|u.vm|i.vm|g.vm|v.vm|d.vm|a.vm|s.vm|x.vm|p.vm"
"12/22/2025 8:13","12/22/2025 8:15","0","102.249.6.2","100","130","1","12/22/2025 8:15","R_8okiSLQAhDmECZn","","","","","-33.914","18.4129","anonymous","EN","1",103,"6","6","","","","","","","","","","","","","","","","","","","","","","","","","","","","","","",""
"12/22/2025 8:10","12/22/2025 8:15","0","213.225.38.32","100","259","1","12/22/2025 8:15","R_2kcX5rE9V0auHqP","","","","","48.2133","16.2966","anonymous","EN","1",104,"7","1","3","2","4","2","3","3","2","4","4","","","","","","","","","","","","","","","","","","","Velcrogeneral","Q457|i.vg|d.vg|p.vg|s.vg|x.vg|u.vg|g.vg|a.vg|v.vg","",""
"12/22/2025 8:11","12/22/2025 8:15","0","94.5.24.212","100","208","1","12/22/2025 8:15","R_8gIsC7K8CZCOZhP","","","","","51.6702","-3.2068","anonymous","EN","1",105,"7","1","6","5","6","6","6","6","6","5","4","","","","","","","","","","","","","","","","","","","Velcrogeneral","Q457|s.vg|u.vg|d.vg|a.vg|p.vg|g.vg|v.vg|x.vg|i.vg","",""
"12/22/2025 8:11","12/22/2025 8:15","0","92.113.216.86","100","243","1","12/22/2025 8:15","R_2jE8GQ5Pn89fUT7","","","","","51.5081","-0.1278","anonymous","EN","1",106,"7","1","","","","","","","","","","","","","","","","","","","6","4","5","7","5","5","6","5","4","Velcromessage","","","Q596|x.vm|u.vm|a.vm|s.vm|v.vm|i.vm|p.vm|d.vm|g.vm"
"12/22/2025 8:12","12/22/2025 8:15","0","86.164.123.38","100","143","1","12/22/2025 8:15","R_2dMITJAfS4IJoX0","","","","","52.0605","1.2358","anonymous","EN","1",107,"7","1","","","","","","","","","","5","5","5","5","5","5","5","6","4","","","","","","","","","","Velcroparticular","","Q538|p.vp|d.vp|g.vp|x.vp|i.vp|u.vp|v.vp|a.vp|s.vp",""
"12/22/2025 8:11","12/22/2025 8:15","0","81.77.250.92","100","250","1","12/22/2025 8:15","R_8yfI8Lrt8k2T4Ye","","","","","51.7187","-3.4318","anonymous","EN","1",108,"7","1","","","","","","","","","","","","","","","","","","","2","1","1","1","2","1","1","3","4","Velcromessage","","","Q596|d.vm|a.vm|v.vm|i.vm|s.vm|g.vm|u.vm|x.vm|p.vm"
"12/22/2025 8:11","12/22/2025 8:15","0","94.14.173.127","100","238","1","12/22/2025 8:15","R_8q8cW4tedGGIMWz","","","","","55.9495","-3.1983","anonymous","EN","1",109,"7","1","","","","","","","","","","3","3","4","3","4","3","4","4","4","","","","","","","","","","Velcroparticular","","Q538|d.vp|x.vp|i.vp|p.vp|s.vp|g.vp|v.vp|a.vp|u.vp",""
"12/22/2025 8:12","12/22/2025 8:15","0","90.240.233.110","100","150","1","12/22/2025 8:15","R_2pDV6zgj0kle9Vb","","","","","51.1878","-2.5439","anonymous","EN","1",110,"7","1","4","1","3","3","2","2","2","3","4","","","","","","","","","","","","","","","","","","","Velcrogeneral","Q457|v.vg|i.vg|g.vg|u.vg|d.vg|x.vg|p.vg|a.vg|s.vg","",""
"12/22/2025 8:13","12/22/2025 8:15","0","172.58.151.81","100","127","1","12/22/2025 8:15","R_3qgDpP4qxu8PYlz","","","","","36.1052","-86.6591","anonymous","EN","1",111,"7","1","4","5","4","3","3","5","3","5","4","","","","","","","","","","","","","","","","","","","Velcrogeneral","Q457|d.vg|p.vg|v.vg|u.vg|i.vg|x.vg|g.vg|a.vg|s.vg","",""
"12/22/2025 8:11","12/22/2025 8:15","0","174.116.37.171","100","229","1","12/22/2025 8:15","R_3YDkhiqJAH2nJoI","","","","","45.3867","-75.7381","anonymous","EN","1",112,"7","1","5","3","5","3","6","5","2","4","4","","","","","","","","","","","","","","","","","","","Velcrogeneral","Q457|x.vg|d.vg|i.vg|a.vg|u.vg|s.vg|g.vg|p.vg|v.vg","",""
"12/22/2025 8:14","12/22/2025 8:15","0","98.227.170.77","100","65","1","12/22/2025 8:15","R_6kjkPT0IAqcANs1","","","","","41.8732","-88.0002","anonymous","EN","1",113,"7","1","","","","","","","","","","","","","","","","","","","6","5","6","6","6","6","6","5","4","Velcromessage","","","Q596|d.vm|x.vm|g.vm|a.vm|s.vm|v.vm|p.vm|u.vm|i.vm"
"12/22/2025 8:13","12/22/2025 8:15","0","91.64.92.33","100","131","1","12/22/2025 8:15","R_2QtyOOAbgyekHV4","","","","","52.553","13.4528","anonymous","EN","1",114,"7","1","","","","","","","","","","","","","","","","","","","2","2","5","3","3","2","2","5","4","Velcromessage","","","Q596|i.vm|g.vm|a.vm|p.vm|u.vm|d.vm|x.vm|v.vm|s.vm"
"12/22/2025 8:13","12/22/2025 8:15","0","78.148.161.188","100","123","1","12/22/2025 8:15","R_27W5eZqHMjxZm81","","","","","54.4539","-6.383","anonymous","EN","1",115,"7","1","","","","","","","","","","","","","","","","","","","2","4","2","2","2","1","3","3","4","Velcromessage","","","Q596|p.vm|x.vm|s.vm|v.vm|u.vm|i.vm|d.vm|g.vm|a.vm"
"12/22/2025 8:12","12/22/2025 8:15","0","151.230.229.221","100","199","1","12/22/2025 8:15","R_8BWWbz48fNCk5Qa","","","","","50.8345","-0.186","anonymous","EN","1",116,"7","1","3","2","3","3","2","3","3","6","4","","","","","","","","","","","","","","","","","","","Velcrogeneral","Q457|g.vg|s.vg|d.vg|u.vg|x.vg|v.vg|i.vg|p.vg|a.vg","",""
"12/22/2025 8:13","12/22/2025 8:15","0","41.121.131.204","100","113","1","12/22/2025 8:15","R_2MM6XCMThpvkUsb","","","","","-29.8553","31.0428","anonymous","EN","1",117,"5","6","","","","","","","","","","","","","","","","","","","","","","","","","","","","","","",""
"12/22/2025 8:13","12/22/2025 8:15","0","172.58.244.49","100","155","1","12/22/2025 8:15","R_3dhj1gsK44kgVOx","","","","","38.9522","-77.0253","anonymous","EN","1",118,"7","1","","","","","","","","","","6","5","6","6","5","6","5","1","4","","","","","","","","","","Velcroparticular","","Q538|p.vp|s.vp|g.vp|u.vp|i.vp|d.vp|v.vp|x.vp|a.vp",""
"12/22/2025 8:11","12/22/2025 8:15","0","41.144.107.28","100","277","1","12/22/2025 8:15","R_2M0hENKcYLulhsm","","","","","-29.8553","31.0428","anonymous","EN","1",119,"7","1","","","","","","","","","","2","3","3","3","1","3","1","1","4","","","","","","","","","","Velcroparticular","","Q538|g.vp|v.vp|i.vp|a.vp|p.vp|s.vp|x.vp|d.vp|u.vp",""
"12/22/2025 8:13","12/22/2025 8:15","0","184.147.195.199","100","158","1","12/22/2025 8:15","R_6UoIrtX3mGYFqgh","","","","","44.3221","-78.318","anonymous","EN","1",120,"7","1","","","","","","","","","","","","","","","","","","","1","2","2","1","1","1","1","6","4","Velcromessage","","","Q596|p.vm|d.vm|a.vm|g.vm|x.vm|i.vm|s.vm|u.vm|v.vm"
"12/22/2025 8:13","12/22/2025 8:15","0","86.178.199.136","100","118","1","12/22/2025 8:15","R_8kTvoRBPLLm1wKR","","","","","53.1315","-1.2975","anonymous","EN","1",121,"7","1","","","","","","","","","","1","2","3","2","1","2","2","3","4","","","","","","","","","","Velcroparticular","","Q538|g.vp|i.vp|x.vp|d.vp|v.vp|s.vp|a.vp|p.vp|u.vp",""
"12/22/2025 8:13","12/22/2025 8:15","0","185.21.209.44","100","157","1","12/22/2025 8:15","R_8jD0cyNJ9gyhwLL","","","","","51.4622","0.4983","anonymous","EN","1",122,"7","1","4","4","4","3","5","2","2","5","4","","","","","","","","","","","","","","","","","","","Velcrogeneral","Q457|x.vg|p.vg|a.vg|d.vg|g.vg|s.vg|u.vg|i.vg|v.vg","",""
"12/22/2025 8:14","12/22/2025 8:15","0","174.242.34.170","100","80","1","12/22/2025 8:15","R_6Qt16B7SQ6MUZKb","","","","","40.4064","-79.9856","anonymous","EN","1",123,"7","1","","","","","","","","","","","","","","","","","","","2","2","2","2","2","2","2","4","4","Velcromessage","","","Q596|i.vm|p.vm|d.vm|a.vm|v.vm|x.vm|g.vm|s.vm|u.vm"
"12/22/2025 8:11","12/22/2025 8:15","0","122.161.53.70","100","241","1","12/22/2025 8:15","R_4Mtk3YVe6kuJNOp","","","","","28.5759","77.3345","anonymous","EN","1",124,"7","1","5","5","5","5","5","5","5","5","4","","","","","","","","","","","","","","","","","","","Velcrogeneral","Q457|u.vg|g.vg|i.vg|d.vg|s.vg|v.vg|a.vg|p.vg|x.vg","",""
"12/22/2025 8:13","12/22/2025 8:15","0","166.198.102.46","100","164","1","12/22/2025 8:15","R_187QLKZewICJeAF","","","","","41.5364","-81.6048","anonymous","EN","1",125,"7","1","","","","","","","","","","","","","","","","","","","4","1","2","3","5","3","3","7","4","Velcromessage","","","Q596|a.vm|s.vm|d.vm|p.vm|x.vm|g.vm|v.vm|i.vm|u.vm"
"12/22/2025 8:12","12/22/2025 8:15","0","81.134.62.239","100","220","1","12/22/2025 8:15","R_21H72YvzvplHsXI","","","","","51.4964","-0.1224","anonymous","EN","1",126,"7","1","","","","","","","","","","","","","","","","","","","6","5","4","6","6","4","4","5","4","Velcromessage","","","Q596|v.vm|u.vm|p.vm|s.vm|i.vm|d.vm|a.vm|g.vm|x.vm"
"12/22/2025 8:13","12/22/2025 8:15","0","86.18.71.108","100","129","1","12/22/2025 8:15","R_248BTtnNlQhSTEA","","","","","51.5507","-0.0998","anonymous","EN","1",127,"7","1","4","3","5","4","4","5","5","6","4","","","","","","","","","","","","","","","","","","","Velcrogeneral","Q457|d.vg|g.vg|i.vg|u.vg|a.vg|v.vg|x.vg|p.vg|s.vg","",""
"12/22/2025 8:13","12/22/2025 8:15","0","86.0.217.94","100","128","1","12/22/2025 8:15","R_2zumdR6D7ahjVSq","","","","","53.7302","-1.8432","anonymous","EN","1",128,"7","1","","","","","","","","","","6","6","6","5","4","6","6","7","4","","","","","","","","","","Velcroparticular","","Q538|s.vp|p.vp|g.vp|x.vp|v.vp|a.vp|d.vp|u.vp|i.vp",""
"12/22/2025 8:14","12/22/2025 8:15","0","104.163.174.168","100","94","1","12/22/2025 8:15","R_7qed26erVo8mTEZ","","","","","45.5901","-73.5558","anonymous","EN","1",129,"7","1","","","","","","","","","","","","","","","","","","","3","3","3","3","3","3","3","5","4","Velcromessage","","","Q596|u.vm|i.vm|s.vm|x.vm|v.vm|g.vm|a.vm|p.vm|d.vm"
"12/22/2025 8:12","12/22/2025 8:15","0","41.144.205.14","100","178","1","12/22/2025 8:15","R_2qsi0ne6C6XfucV","","","","","-29.8553","31.0428","anonymous","EN","1",130,"7","1","","","","","","","","","","","","","","","","","","","7","7","7","7","7","7","6","7","4","Velcromessage","","","Q596|p.vm|u.vm|s.vm|x.vm|g.vm|i.vm|v.vm|d.vm|a.vm"
"12/22/2025 8:13","12/22/2025 8:15","0","161.142.151.59","100","126","1","12/22/2025 8:15","R_4EfwipHP0PL6mul","","","","","3.1071","101.6139","anonymous","EN","1",131,"7","1","","","","","","","","","","6","5","6","6","6","6","6","5","4","","","","","","","","","","Velcroparticular","","Q538|i.vp|u.vp|d.vp|a.vp|x.vp|g.vp|p.vp|s.vp|v.vp",""
"12/22/2025 8:13","12/22/2025 8:15","0","86.2.243.155","100","123","1","12/22/2025 8:15","R_8E5kMHsgYXLQMor","","","","","51.0528","-0.3369","anonymous","EN","1",132,"7","1","4","4","4","2","2","3","5","5","4","","","","","","","","","","","","","","","","","","","Velcrogeneral","Q457|v.vg|g.vg|p.vg|s.vg|x.vg|i.vg|d.vg|u.vg|a.vg","",""
"12/22/2025 8:12","12/22/2025 8:15","0","138.38.17.28","100","205","1","12/22/2025 8:15","R_2BxAcJYOXhNUx4B","","","","","51.4534","-2.5077","anonymous","EN","1",133,"7","1","","","","","","","","","","","","","","","","","","","2","3","2","2","2","2","1","2","4","Velcromessage","","","Q596|d.vm|p.vm|s.vm|g.vm|u.vm|i.vm|x.vm|a.vm|v.vm"
"12/22/2025 8:12","12/22/2025 8:16","0","102.249.74.6","100","201","1","12/22/2025 8:16","R_2fYIdt4dg1uR8sr","","","","","-33.914","18.4129","anonymous","EN","1",134,"6","1","","","","","","","","","","","","","","","","","","","","","","","","","","","","","","",""
"12/22/2025 8:13","12/22/2025 8:16","0","50.101.109.63","100","151","1","12/22/2025 8:16","R_6MLJ7mhYq2wrDWU","","","","","43.7306","-79.4217","anonymous","EN","1",135,"7","1","7","6","7","7","4","7","4","7","4","","","","","","","","","","","","","","","","","","","Velcrogeneral","Q457|u.vg|g.vg|d.vg|a.vg|s.vg|v.vg|x.vg|p.vg|i.vg","",""
"12/22/2025 8:13","12/22/2025 8:16","0","148.252.133.188","100","173","1","12/22/2025 8:16","R_859UT2OgnV990f7","","","","","51.4964","-0.1224","anonymous","EN","1",136,"7","1","1","1","3","3","2","3","1","3","4","","","","","","","","","","","","","","","","","","","Velcrogeneral","Q457|u.vg|d.vg|a.vg|g.vg|p.vg|i.vg|v.vg|s.vg|x.vg","",""
"12/22/2025 8:13","12/22/2025 8:16","0","165.165.118.255","100","189","1","12/22/2025 8:16","R_2uPWAkxQXx9uR21","","","","","-25.757","28.1443","anonymous","EN","1",137,"5","1","","","","","","","","","","","","","","","","","","","","","","","","","","","","","","",""
"12/22/2025 8:12","12/22/2025 8:16","0","77.137.67.199","100","213","1","12/22/2025 8:16","R_9eFfkdDXjZ9P5q6","","","","","32.0876","34.8739","anonymous","EN","1",138,"7","1","4","4","4","3","3","4","3","3","4","","","","","","","","","","","","","","","","","","","Velcrogeneral","Q457|i.vg|p.vg|g.vg|u.vg|s.vg|a.vg|v.vg|d.vg|x.vg","",""
"12/22/2025 8:13","12/22/2025 8:16","0","94.5.145.84","100","152","1","12/22/2025 8:16","R_8PhDHd1OQ8mlQA8","","","","","51.477","-0.1959","anonymous","EN","1",139,"7","1","2","1","2","2","2","3","1","2","4","","","","","","","","","","","","","","","","","","","Velcrogeneral","Q457|d.vg|s.vg|i.vg|g.vg|x.vg|a.vg|u.vg|v.vg|p.vg","",""
"12/22/2025 8:10","12/22/2025 8:16","0","146.199.241.191","100","321","1","12/22/2025 8:16","R_2c2gsW6SdGVySdj","","","","","51.0434","-1.7279","anonymous","EN","1",140,"7","1","6","6","6","7","6","6","6","5","4","","","","","","","","","","","","","","","","","","","Velcrogeneral","Q457|s.vg|u.vg|x.vg|v.vg|d.vg|p.vg|a.vg|g.vg|i.vg","",""
"12/22/2025 8:14","12/22/2025 8:16","0","152.208.54.165","100","99","1","12/22/2025 8:16","R_16Pfjzi6mSlkgbT","","","","","40.3404","-76.7882","anonymous","EN","1",141,"7","1","","","","","","","","","","3","4","3","3","3","4","4","3","4","","","","","","","","","","Velcroparticular","","Q538|x.vp|u.vp|v.vp|p.vp|s.vp|i.vp|a.vp|g.vp|d.vp",""
"12/22/2025 8:14","12/22/2025 8:16","0","75.159.140.193","100","136","1","12/22/2025 8:16","R_3ASFXytmWQ3TzdT","","","","","54.1541","-115.6861","anonymous","EN","1",142,"7","1","","","","","","","","","","3","3","3","3","3","3","2","6","4","","","","","","","","","","Velcroparticular","","Q538|x.vp|s.vp|v.vp|i.vp|d.vp|u.vp|g.vp|p.vp|a.vp",""
"12/22/2025 8:10","12/22/2025 8:16","0","82.10.202.227","100","334","1","12/22/2025 8:16","R_8PNrc19Dhu34sd5","","","","","54.6401","-1.2336","anonymous","EN","1",143,"7","1","","","","","","","","","","3","4","5","3","3","3","3","2","4","","","","","","","","","","Velcroparticular","","Q538|i.vp|s.vp|v.vp|u.vp|x.vp|a.vp|g.vp|d.vp|p.vp",""
"12/22/2025 8:13","12/22/2025 8:16","0","88.97.176.200","100","173","1","12/22/2025 8:16","R_8CQ7wlgP5Bms5jI","","","","","53.4146","-2.2274","anonymous","EN","1",144,"7","1","","","","","","","","","","2","2","3","2","5","3","2","4","4","","","","","","","","","","Velcroparticular","","Q538|g.vp|x.vp|a.vp|d.vp|s.vp|u.vp|i.vp|p.vp|v.vp",""
"12/22/2025 8:11","12/22/2025 8:16","0","190.114.41.117","100","284","1","12/22/2025 8:16","R_77pSRFNfVLEl77b","","","","","-33.6141","-70.5893","anonymous","EN","1",145,"7","1","2","1","2","2","2","1","2","2","4","","","","","","","","","","","","","","","","","","","Velcrogeneral","Q457|i.vg|v.vg|p.vg|g.vg|d.vg|x.vg|u.vg|s.vg|a.vg","",""
"12/22/2025 8:11","12/22/2025 8:16","0","41.13.80.115","100","320","1","12/22/2025 8:16","R_8NmEhu3CzhKDk5n","","","","","-25.757","28.1443","anonymous","EN","1",146,"7","1","","","","","","","","","","6","6","5","7","6","6","7","5","4","","","","","","","","","","Velcroparticular","","Q538|a.vp|s.vp|u.vp|p.vp|g.vp|v.vp|i.vp|x.vp|d.vp",""
"12/22/2025 8:13","12/22/2025 8:16","0","80.113.112.212","100","185","1","12/22/2025 8:16","R_2feoMRhiL0ScYdv","","","","","51.9719","5.6446","anonymous","EN","1",147,"7","1","","","","","","","","","","5","4","5","5","5","4","7","6","4","","","","","","","","","","Velcroparticular","","Q538|s.vp|u.vp|i.vp|p.vp|a.vp|g.vp|v.vp|d.vp|x.vp",""
"12/22/2025 8:14","12/22/2025 8:16","0","92.113.183.203","100","124","1","12/22/2025 8:16","R_3yDJZ6m5i7oHH6F","","","","","45.5041","-73.5522","anonymous","EN","1",148,"7","1","","","","","","","","","","","","","","","","","","","6","6","7","6","7","6","7","6","4","Velcromessage","","","Q596|x.vm|a.vm|s.vm|p.vm|g.vm|i.vm|v.vm|u.vm|d.vm"
"12/22/2025 8:13","12/22/2025 8:16","0","75.159.130.142","100","168","1","12/22/2025 8:16","R_3EsjuVUML9IP1Ry","","","","","53.5534","-113.4982","anonymous","EN","1",149,"7","1","","","","","","","","","","","","","","","","","","","3","1","2","3","1","2","1","2","4","Velcromessage","","","Q596|i.vm|g.vm|v.vm|u.vm|d.vm|s.vm|p.vm|a.vm|x.vm"
"12/22/2025 8:12","12/22/2025 8:16","0","172.59.183.74","100","263","1","12/22/2025 8:16","R_1gekN3xjIHLjHaQ","","","","","42.7836","-73.9428","anonymous","EN","1",150,"7","1","7","6","7","7","7","7","6","7","4","","","","","","","","","","","","","","","","","","","Velcrogeneral","Q457|p.vg|s.vg|x.vg|a.vg|g.vg|d.vg|i.vg|v.vg|u.vg","",""
"12/22/2025 8:13","12/22/2025 8:16","0","73.51.0.94","100","190","1","12/22/2025 8:16","R_78VgA6AVd1Di1Fv","","","","","41.8508","-87.8791","anonymous","EN","1",151,"7","1","","","","","","","","","","1","1","3","1","1","2","1","2","4","","","","","","","","","","Velcroparticular","","Q538|g.vp|v.vp|s.vp|u.vp|i.vp|a.vp|p.vp|d.vp|x.vp",""
"12/22/2025 8:13","12/22/2025 8:16","0","84.90.27.123","100","194","1","12/22/2025 8:16","R_2S978FQrLcC3Lwd","","","","","41.0421","-8.3103","anonymous","EN","1",152,"7","1","","","","","","","","","","5","5","5","5","5","4","5","6","4","","","","","","","","","","Velcroparticular","","Q538|p.vp|a.vp|x.vp|g.vp|d.vp|v.vp|s.vp|u.vp|i.vp",""
"12/22/2025 8:15","12/22/2025 8:16","0","82.13.87.183","100","64","1","12/22/2025 8:16","R_8RX09G46tK5awHw","","","","","51.5158","-0.4234","anonymous","EN","1",153,"7","1","","","","","","","","","","","","","","","","","","","3","1","5","2","3","1","1","2","4","Velcromessage","","","Q596|i.vm|a.vm|v.vm|g.vm|d.vm|x.vm|u.vm|p.vm|s.vm"
"12/22/2025 8:11","12/22/2025 8:16","0","91.150.216.82","100","303","1","12/22/2025 8:16","R_2pgSnVEHm2BMNVd","","","","","50.0541","19.9502","anonymous","EN","1",154,"7","1","7","6","7","6","7","7","7","6","4","","","","","","","","","","","","","","","","","","","Velcrogeneral","Q457|v.vg|a.vg|g.vg|d.vg|p.vg|s.vg|x.vg|i.vg|u.vg","",""
"12/22/2025 8:15","12/22/2025 8:16","0","86.22.171.133","100","72","1","12/22/2025 8:16","R_8r0UAv3hTVwRY0F","","","","","53.3299","-2.2288","anonymous","EN","1",155,"7","1","","","","","","","","","","5","4","5","4","5","6","4","5","4","","","","","","","","","","Velcroparticular","","Q538|d.vp|g.vp|p.vp|x.vp|a.vp|i.vp|v.vp|s.vp|u.vp",""
"12/22/2025 8:15","12/22/2025 8:16","0","129.100.141.102","100","80","1","12/22/2025 8:16","R_347QKhp5TQ3QzvP","","","","","42.9979","-81.2602","anonymous","EN","1",156,"7","1","","","","","","","","","","4","3","5","3","3","3","2","5","4","","","","","","","","","","Velcroparticular","","Q538|d.vp|i.vp|x.vp|g.vp|a.vp|u.vp|s.vp|v.vp|p.vp",""
"12/22/2025 8:15","12/22/2025 8:17","0","69.143.8.144","100","82","1","12/22/2025 8:17","R_58Zl2kO4yr643SH","","","","","39.494","-77.4608","anonymous","EN","1",157,"7","1","","","","","","","","","","5","7","7","7","2","6","6","2","4","","","","","","","","","","Velcroparticular","","Q538|u.vp|a.vp|x.vp|i.vp|g.vp|v.vp|s.vp|p.vp|d.vp",""
"12/22/2025 8:12","12/22/2025 8:17","0","70.112.234.96","100","275","1","12/22/2025 8:17","R_7zkxoJXpibjox1Y","","","","","25.9244","-97.4626","anonymous","EN","1",158,"7","1","4","4","5","4","5","5","5","3","4","","","","","","","","","","","","","","","","","","","Velcrogeneral","Q457|d.vg|g.vg|x.vg|s.vg|p.vg|a.vg|i.vg|u.vg|v.vg","",""
"12/22/2025 8:13","12/22/2025 8:17","0","178.143.41.83","100","230","1","12/22/2025 8:17","R_8vsfRZ1FELXt1O9","","","","","48.1577","17.1471","anonymous","EN","1",159,"7","1","","","","","","","","","","7","1","7","6","3","7","1","1","4","","","","","","","","","","Velcroparticular","","Q538|g.vp|a.vp|u.vp|s.vp|i.vp|v.vp|p.vp|d.vp|x.vp",""
"12/22/2025 8:13","12/22/2025 8:17","0","81.104.35.159","100","218","1","12/22/2025 8:17","R_2O9eqRcj26BbAMF","","","","","52.4835","-2.0835","anonymous","EN","1",160,"7","1","","","","","","","","","","3","4","4","3","3","3","4","4","4","","","","","","","","","","Velcroparticular","","Q538|p.vp|x.vp|i.vp|a.vp|s.vp|d.vp|u.vp|v.vp|g.vp",""
"12/22/2025 8:13","12/22/2025 8:17","0","197.185.159.189","100","225","1","12/22/2025 8:17","R_2zCMRUitNspptn8","","","","","-26.2309","28.0583","anonymous","EN","1",161,"7","1","","","","","","","","","","1","1","4","2","1","4","2","5","4","","","","","","","","","","Velcroparticular","","Q538|v.vp|p.vp|g.vp|d.vp|x.vp|u.vp|i.vp|a.vp|s.vp",""
"12/22/2025 8:11","12/22/2025 8:17","0","41.13.8.61","100","339","1","12/22/2025 8:17","R_8ctly6LDeEFWbPr","","","","","-26.2309","28.0583","anonymous","EN","1",162,"7","1","4","4","4","5","3","5","5","6","4","","","","","","","","","","","","","","","","","","","Velcrogeneral","Q457|d.vg|g.vg|u.vg|x.vg|s.vg|a.vg|p.vg|v.vg|i.vg","",""
"12/22/2025 8:16","12/22/2025 8:17","0","69.250.75.188","100","53","1","12/22/2025 8:17","R_7saXrO8MkRgT6IF","","","","","39.2726","-76.8614","anonymous","EN","1",163,"7","1","","","","","","","","","","","","","","","","","","","3","5","4","4","4","4","5","3","4","Velcromessage","","","Q596|d.vm|u.vm|i.vm|s.vm|g.vm|v.vm|p.vm|a.vm|x.vm"
"12/22/2025 8:14","12/22/2025 8:17","0","24.25.207.177","100","144","1","12/22/2025 8:17","R_3w5mFsxwKyLuT61","","","","","32.7967","-117.1367","anonymous","EN","1",164,"7","1","6","6","4","6","5","4","5","5","4","","","","","","","","","","","","","","","","","","","Velcrogeneral","Q457|p.vg|g.vg|s.vg|x.vg|v.vg|u.vg|d.vg|a.vg|i.vg","",""
"12/22/2025 8:15","12/22/2025 8:17","0","102.23.211.51","100","105","1","12/22/2025 8:17","R_2ZJPJsxPtu3KsZg","","","","","-25.757","28.1443","anonymous","EN","1",165,"7","6","","","","","","","","","","","","","","","","","","","","","","","","","","","","","","",""
"12/22/2025 8:16","12/22/2025 8:17","0","102.254.0.19","100","84","1","12/22/2025 8:17","R_2Lhx9NI1NFtjOlL","","","","","-26.2309","28.0583","anonymous","EN","1",166,"7","7","","","","","","","","","","","","","","","","","","","","","","","","","","","","","","",""
"12/22/2025 8:15","12/22/2025 8:17","0","178.228.195.57","100","99","1","12/22/2025 8:17","R_8XZbTrx6HwgA2Zz","","","","","51.937","4.4602","anonymous","EN","1",167,"7","2","","","","","","","","","","","","","","","","","","","","","","","","","","","","","","",""
"12/22/2025 8:12","12/22/2025 8:17","0","73.158.145.3","100","308","1","12/22/2025 8:17","R_5Fqy1hzmCoU9tCN","","","","","37.26","-121.9173","anonymous","EN","1",168,"7","1","","","","","","","","","","4","3","5","5","4","4","4","5","4","","","","","","","","","","Velcroparticular","","Q538|u.vp|g.vp|a.vp|i.vp|d.vp|x.vp|s.vp|p.vp|v.vp",""
"12/22/2025 8:15","12/22/2025 8:17","0","86.160.150.40","100","101","1","12/22/2025 8:17","R_2LmoRzSkoZNIYPT","","","","","50.3881","-4.1324","anonymous","EN","1",169,"7","1","","","","","","","","","","","","","","","","","","","1","1","2","1","1","1","2","7","4","Velcromessage","","","Q596|i.vm|s.vm|d.vm|g.vm|p.vm|u.vm|v.vm|a.vm|x.vm"
"12/22/2025 8:11","12/22/2025 8:17","0","68.80.141.146","100","383","1","12/22/2025 8:17","R_7Mzcrcp5vgBdvum","","","","","40.0951","-75.6169","anonymous","EN","1",170,"7","1","3","4","4","5","2","2","3","3","4","","","","","","","","","","","","","","","","","","","Velcrogeneral","Q457|x.vg|u.vg|d.vg|i.vg|s.vg|g.vg|a.vg|p.vg|v.vg","",""
"12/22/2025 8:13","12/22/2025 8:17","0","197.185.181.52","100","239","1","12/22/2025 8:17","R_2sUeVSISOc8ih9L","","","","","-26.2309","28.0583","anonymous","EN","1",171,"7","7","","","","","","","","","","","","","","","","","","","","","","","","","","","","","","",""
"12/22/2025 8:16","12/22/2025 8:17","0","72.227.101.39","100","116","1","12/22/2025 8:17","R_3saQMm8P1atOqGt","","","","","43.7973","-70.4161","anonymous","EN","1",172,"7","1","","","","","","","","","","","","","","","","","","","4","5","4","3","3","3","3","6","4","Velcromessage","","","Q596|p.vm|i.vm|d.vm|v.vm|g.vm|a.vm|x.vm|u.vm|s.vm"
"12/22/2025 8:15","12/22/2025 8:17","0","76.251.82.75","100","120","1","12/22/2025 8:18","R_5phBwD2GA31pBZL","","","","","34.0014","-84.0144","anonymous","EN","1",173,"7","1","","","","","","","","","","1","2","2","2","2","2","2","2","4","","","","","","","","","","Velcroparticular","","Q538|v.vp|x.vp|i.vp|s.vp|g.vp|p.vp|u.vp|a.vp|d.vp",""
"12/22/2025 8:13","12/22/2025 8:18","0","90.202.124.237","100","301","1","12/22/2025 8:18","R_2XpYTsXQmXurpct","","","","","51.497","0.0685","anonymous","EN","1",174,"6","2","","","","","","","","","","","","","","","","","","","","","","","","","","","","","","",""
"12/22/2025 8:13","12/22/2025 8:18","0","105.245.168.102","100","290","1","12/22/2025 8:18","R_2IQfW5AqK5Jf80V","","","","","-29.8553","31.0428","anonymous","EN","1",175,"7","1","2","1","3","2","2","2","3","5","4","","","","","","","","","","","","","","","","","","","Velcrogeneral","Q457|i.vg|x.vg|v.vg|u.vg|d.vg|g.vg|a.vg|p.vg|s.vg","",""
"12/22/2025 8:16","12/22/2025 8:18","0","174.207.102.232","100","127","1","12/22/2025 8:18","R_6M6fvgjLloKZVF7","","","","","41.083","-81.5709","anonymous","EN","1",176,"7","1","","","","","","","","","","1","1","2","3","1","2","2","1","4","","","","","","","","","","Velcroparticular","","Q538|s.vp|d.vp|g.vp|u.vp|i.vp|x.vp|v.vp|a.vp|p.vp",""
"12/22/2025 8:15","12/22/2025 8:18","0","99.235.252.171","100","147","1","12/22/2025 8:18","R_3cYREgMGU4g670C","","","","","43.2284","-79.9071","anonymous","EN","1",177,"7","1","4","3","5","5","3","4","2","5","4","","","","","","","","","","","","","","","","","","","Velcrogeneral","Q457|u.vg|x.vg|p.vg|i.vg|g.vg|d.vg|a.vg|s.vg|v.vg","",""
"12/22/2025 8:17","12/22/2025 8:18","0","87.74.5.142","100","38","1","12/22/2025 8:18","R_8B9EiTkic6bDmku","","","","","51.164","-0.1592","anonymous","EN","1",178,"6","1","","","","","","","","","","","","","","","","","","","","","","","","","","","","","","",""
"12/22/2025 8:15","12/22/2025 8:18","0","86.180.170.166","100","169","1","12/22/2025 8:18","R_28OE1iXyccGWjMc","","","","","51.5442","0.5437","anonymous","EN","1",179,"7","1","","","","","","","","","","","","","","","","","","","2","1","1","1","1","1","1","1","4","Velcromessage","","","Q596|v.vm|p.vm|u.vm|x.vm|s.vm|a.vm|g.vm|d.vm|i.vm"
"12/22/2025 8:14","12/22/2025 8:18","0","41.116.4.181","100","243","1","12/22/2025 8:18","R_2MMVUtOUmiFXlu1","","","","","-26.2309","28.0583","anonymous","EN","1",180,"7","1","3","3","5","5","3","5","4","7","4","","","","","","","","","","","","","","","","","","","Velcrogeneral","Q457|a.vg|d.vg|i.vg|p.vg|v.vg|x.vg|s.vg|u.vg|g.vg","",""
"12/22/2025 8:14","12/22/2025 8:18","0","150.143.47.57","100","235","1","12/22/2025 8:18","R_2NFkAsLKwF8C5aJ","","","","","52.5801","-1.8552","anonymous","EN","1",181,"7","1","","","","","","","","","","4","3","4","5","2","6","4","3","4","","","","","","","","","","Velcroparticular","","Q538|g.vp|d.vp|s.vp|i.vp|x.vp|p.vp|u.vp|a.vp|v.vp",""
"12/22/2025 8:15","12/22/2025 8:18","0","165.225.197.20","100","177","1","12/22/2025 8:18","R_2gApPBQSXYMMxkj","","","","","53.4809","-2.2374","anonymous","EN","1",182,"7","1","","","","","","","","","","1","2","2","2","3","1","4","2","4","","","","","","","","","","Velcroparticular","","Q538|s.vp|a.vp|u.vp|p.vp|i.vp|g.vp|v.vp|x.vp|d.vp",""
"12/22/2025 8:16","12/22/2025 8:18","0","88.97.165.47","100","153","1","12/22/2025 8:18","R_85Hq9YLazqP9VMG","","","","","53.4479","-2.2277","anonymous","EN","1",183,"7","1","","","","","","","","","","","","","","","","","","","5","5","5","6","5","5","6","5","4","Velcromessage","","","Q596|v.vm|a.vm|s.vm|d.vm|g.vm|x.vm|u.vm|p.vm|i.vm"
"12/22/2025 8:16","12/22/2025 8:18","0","135.23.169.176","100","120","1","12/22/2025 8:18","R_3A0FleQAWLvZWh5","","","","","43.023","-81.1624","anonymous","EN","1",184,"7","1","","","","","","","","","","","","","","","","","","","2","1","3","2","4","1","3","5","4","Velcromessage","","","Q596|i.vm|p.vm|x.vm|u.vm|g.vm|d.vm|v.vm|a.vm|s.vm"
"12/22/2025 8:16","12/22/2025 8:18","0","167.248.119.170","100","140","1","12/22/2025 8:18","R_5LZJz1Qu7gzB8h0","","","","","40.8485","-96.6247","anonymous","EN","1",185,"7","1","5","5","6","5","6","5","6","6","4","","","","","","","","","","","","","","","","","","","Velcrogeneral","Q457|g.vg|x.vg|p.vg|s.vg|a.vg|u.vg|v.vg|i.vg|d.vg","",""
"12/22/2025 8:15","12/22/2025 8:18","0","41.13.8.61","100","177","1","12/22/2025 8:18","R_2qR1pisR5gbyqv6","","","","","-26.2309","28.0583","anonymous","EN","1",186,"7","3","","","","","","","","","","","","","","","","","","","","","","","","","","","","","","",""
"12/22/2025 8:11","12/22/2025 8:19","0","122.161.48.2","100","445","1","12/22/2025 8:19","R_9dyHls5g2hlotpF","","","","","28.5759","77.3345","anonymous","EN","1",187,"7","1","3","5","3","3","3","4","5","2","4","","","","","","","","","","","","","","","","","","","Velcrogeneral","Q457|a.vg|d.vg|p.vg|s.vg|g.vg|v.vg|x.vg|i.vg|u.vg","",""
"12/22/2025 8:15","12/22/2025 8:19","0","90.203.147.135","100","200","1","12/22/2025 8:19","R_2dBeukbJi0b1fnr","","","","","53.4314","-1.3607","anonymous","EN","1",188,"7","1","4","4","4","4","2","5","2","5","4","","","","","","","","","","","","","","","","","","","Velcrogeneral","Q457|g.vg|u.vg|a.vg|p.vg|v.vg|i.vg|d.vg|s.vg|x.vg","",""
"12/22/2025 8:13","12/22/2025 8:19","0","196.115.222.38","100","367","1","12/22/2025 8:19","R_2KdMHSdsvKQyFAM","","","","","33.5922","-7.6184","anonymous","EN","1",189,"7","1","4","4","4","4","2","3","3","4","4","","","","","","","","","","","","","","","","","","","Velcrogeneral","Q457|v.vg|u.vg|p.vg|s.vg|i.vg|g.vg|d.vg|a.vg|x.vg","",""
"12/22/2025 8:17","12/22/2025 8:19","0","63.143.171.87","100","86","1","12/22/2025 8:19","R_5gFcAbxZWgWxLKp","","","","","35.3596","-82.4266","anonymous","EN","1",190,"7","1","","","","","","","","","","","","","","","","","","","2","2","2","3","3","2","2","4","4","Velcromessage","","","Q596|i.vm|v.vm|p.vm|x.vm|d.vm|u.vm|a.vm|g.vm|s.vm"
"12/22/2025 8:16","12/22/2025 8:19","0","73.170.66.216","100","140","1","12/22/2025 8:19","R_36o8OfSS0dPTiYs","","","","","37.3526","-121.9541","anonymous","EN","1",191,"7","1","","","","","","","","","","","","","","","","","","","2","3","2","2","3","2","2","4","4","Velcromessage","","","Q596|g.vm|p.vm|d.vm|i.vm|a.vm|x.vm|s.vm|u.vm|v.vm"
"12/22/2025 8:16","12/22/2025 8:19","0","88.3.151.233","100","155","1","12/22/2025 8:19","R_8CeIJsulX0QVWq1","","","","","40.4153","-3.694","anonymous","EN","1",192,"7","1","","","","","","","","","","4","4","5","4","4","4","2","4","4","","","","","","","","","","Velcroparticular","","Q538|g.vp|u.vp|a.vp|i.vp|x.vp|d.vp|s.vp|v.vp|p.vp",""
"12/22/2025 8:18","12/22/2025 8:19","0","88.97.178.18","100","77","1","12/22/2025 8:19","R_8hWlDUDZSIahKLH","","","","","53.4146","-2.2274","anonymous","EN","1",193,"7","1","6","5","6","6","5","6","5","6","4","","","","","","","","","","","","","","","","","","","Velcrogeneral","Q457|d.vg|v.vg|i.vg|u.vg|s.vg|x.vg|a.vg|p.vg|g.vg","",""
"12/22/2025 8:17","12/22/2025 8:19","0","31.111.58.77","100","110","1","12/22/2025 8:19","R_83oLAFVABxH7X0d","","","","","51.5054","-3.5794","anonymous","EN","1",194,"7","1","5","6","5","6","5","6","6","5","4","","","","","","","","","","","","","","","","","","","Velcrogeneral","Q457|d.vg|v.vg|a.vg|s.vg|i.vg|u.vg|p.vg|x.vg|g.vg","",""
"12/22/2025 8:17","12/22/2025 8:19","0","101.57.177.103","100","119","1","12/22/2025 8:19","R_2hLCWgJqf66Brkl","","","","","45.0729","7.689","anonymous","EN","1",195,"7","1","","","","","","","","","","2","3","2","2","2","2","1","3","4","","","","","","","","","","Velcroparticular","","Q538|u.vp|g.vp|a.vp|d.vp|x.vp|p.vp|s.vp|i.vp|v.vp",""
"12/22/2025 8:16","12/22/2025 8:19","0","152.38.98.180","100","177","1","12/22/2025 8:19","R_3RgsjRClkdMaDcI","","","","","36.6423","-88.7389","anonymous","EN","1",196,"7","1","","","","","","","","","","","","","","","","","","","3","2","4","3","4","2","5","3","4","Velcromessage","","","Q596|a.vm|x.vm|d.vm|i.vm|v.vm|g.vm|u.vm|p.vm|s.vm"
"12/22/2025 8:12","12/22/2025 8:19","0","86.166.192.76","100","401","1","12/22/2025 8:19","R_2jsxjgSwwjeARyx","","","","","51.4193","-0.3306","anonymous","EN","1",197,"7","1","4","1","3","4","3","3","3","4","4","","","","","","","","","","","","","","","","","","","Velcrogeneral","Q457|v.vg|i.vg|u.vg|p.vg|x.vg|g.vg|d.vg|a.vg|s.vg","",""
"12/22/2025 8:18","12/22/2025 8:19","0","41.113.153.57","100","77","1","12/22/2025 8:19","R_8LA5OHvsre8e1q9","","","","","-26.2309","28.0583","anonymous","EN","1",198,"6","2","","","","","","","","","","","","","","","","","","","","","","","","","","","","","","",""
"12/22/2025 8:17","12/22/2025 8:19","0","71.196.34.78","100","127","1","12/22/2025 8:19","R_71PREq6OQ9Mq1Lr","","","","","25.082","-80.4487","anonymous","EN","1",199,"7","3","","","","","","","","","","","","","","","","","","","","","","","","","","","","","","",""
"12/22/2025 8:18","12/22/2025 8:19","0","68.205.229.201","100","97","1","12/22/2025 8:19","R_7kcVION5LTyC6Oe","","","","","28.5978","-81.3024","anonymous","EN","1",200,"7","1","4","3","3","3","3","3","4","4","4","","","","","","","","","","","","","","","","","","","Velcrogeneral","Q457|v.vg|p.vg|d.vg|u.vg|a.vg|i.vg|x.vg|g.vg|s.vg","",""
"12/22/2025 8:16","12/22/2025 8:19","0","169.1.63.112","100","215","1","12/22/2025 8:19","R_8fvyD09EUJQpXMK","","","","","-26.1917","28.0523","anonymous","EN","1",201,"7","1","2","3","2","2","2","2","2","6","4","","","","","","","","","","","","","","","","","","","Velcrogeneral","Q457|p.vg|x.vg|s.vg|a.vg|d.vg|g.vg|u.vg|v.vg|i.vg","",""
"12/22/2025 8:17","12/22/2025 8:19","0","213.120.112.41","100","147","1","12/22/2025 8:19","R_2F1Wv9zg23jNgEB","","","","","51.7822","-1.4851","anonymous","EN","1",202,"4","3","","","","","","","","","","","","","","","","","","","","","","","","","","","","","","",""
"12/22/2025 8:16","12/22/2025 8:19","0","197.185.179.235","100","194","1","12/22/2025 8:19","R_80SEWUGWtyZ86xT","","","","","-26.2309","28.0583","anonymous","EN","1",203,"7","1","7","5","6","7","7","7","6","5","4","","","","","","","","","","","","","","","","","","","Velcrogeneral","Q457|u.vg|d.vg|x.vg|v.vg|g.vg|s.vg|i.vg|p.vg|a.vg","",""
"12/22/2025 8:11","12/22/2025 8:19","0","89.70.101.196","100","496","1","12/22/2025 8:19","R_8qmlKJJAeYRsVGr","","","","","53.4353","14.5657","anonymous","EN","1",204,"7","1","","","","","","","","","","5","5","5","5","2","5","4","6","4","","","","","","","","","","Velcroparticular","","Q538|a.vp|s.vp|g.vp|i.vp|x.vp|p.vp|d.vp|u.vp|v.vp",""
"12/22/2025 8:13","12/22/2025 8:19","0","90.196.220.234","100","393","1","12/22/2025 8:19","R_2JAGPbAW0g04ead","","","","","55.8696","-4.1062","anonymous","EN","1",205,"7","1","","","","","","","","","","1","1","1","1","1","1","1","1","4","","","","","","","","","","Velcroparticular","","Q538|s.vp|g.vp|i.vp|v.vp|a.vp|d.vp|x.vp|p.vp|u.vp",""
"12/22/2025 8:15","12/22/2025 8:19","0","68.62.96.23","100","254","1","12/22/2025 8:19","R_1qBzGdUM7GbfrdD","","","","","42.3313","-83.4656","anonymous","EN","1",206,"7","1","","","","","","","","","","2","1","3","2","1","2","1","2","4","","","","","","","","","","Velcroparticular","","Q538|i.vp|d.vp|p.vp|g.vp|u.vp|a.vp|x.vp|v.vp|s.vp",""
"12/22/2025 8:16","12/22/2025 8:20","0","76.216.52.126","100","216","1","12/22/2025 8:20","R_3n1TmvvbExXHfM7","","","","","40.8116","-81.4973","anonymous","EN","1",207,"7","1","3","2","3","3","3","3","2","5","4","","","","","","","","","","","","","","","","","","","Velcrogeneral","Q457|u.vg|p.vg|s.vg|i.vg|a.vg|d.vg|x.vg|v.vg|g.vg","",""
"12/22/2025 8:17","12/22/2025 8:20","0","14.191.34.200","100","128","1","12/22/2025 8:20","R_4nMJLyinmOP78Aj","","","","","21.0184","105.8461","anonymous","EN","1",208,"7","1","","","","","","","","","","3","2","5","2","1","4","5","2","4","","","","","","","","","","Velcroparticular","","Q538|a.vp|i.vp|x.vp|u.vp|s.vp|g.vp|p.vp|v.vp|d.vp",""
"12/22/2025 8:13","12/22/2025 8:20","0","41.122.128.64","100","417","1","12/22/2025 8:20","R_2ZhzNX3I4O5U5Oh","","","","","-26.2309","28.0583","anonymous","EN","1",209,"7","1","5","6","6","4","6","5","6","6","4","","","","","","","","","","","","","","","","","","","Velcrogeneral","Q457|g.vg|a.vg|p.vg|d.vg|v.vg|u.vg|i.vg|s.vg|x.vg","",""
"12/22/2025 8:17","12/22/2025 8:20","0","86.172.66.151","100","150","1","12/22/2025 8:20","R_29LXfoButjmbJJf","","","","","50.9575","-0.5128","anonymous","EN","1",210,"7","1","","","","","","","","","","3","3","4","3","3","3","3","4","4","","","","","","","","","","Velcroparticular","","Q538|i.vp|s.vp|x.vp|u.vp|d.vp|p.vp|v.vp|g.vp|a.vp",""
"12/22/2025 8:15","12/22/2025 8:20","0","41.12.95.230","100","258","1","12/22/2025 8:20","R_8njBxn1wwlCbg1E","","","","","-29.8427","31.0141","anonymous","EN","1",211,"7","1","","","","","","","","","","","","","","","","","","","6","6","4","6","5","4","5","6","4","Velcromessage","","","Q596|p.vm|v.vm|u.vm|i.vm|d.vm|g.vm|a.vm|s.vm|x.vm"
"12/22/2025 8:16","12/22/2025 8:20","0","41.198.158.1","100","250","1","12/22/2025 8:20","R_8upnxkxUo7W7lsM","","","","","-26.2309","28.0583","anonymous","EN","1",212,"7","1","","","","","","","","","","1","1","1","4","1","1","1","1","6","","","","","","","","","","Velcroparticular","","Q538|v.vp|x.vp|u.vp|a.vp|p.vp|g.vp|i.vp|d.vp|s.vp",""
"12/22/2025 8:15","12/22/2025 8:20","0","87.115.249.92","100","292","1","12/22/2025 8:20","R_8OF7Y1fGbsZwM37","","","","","52.253","0.8212","anonymous","EN","1",213,"7","1","","","","","","","","","","4","7","5","5","3","4","4","4","4","","","","","","","","","","Velcroparticular","","Q538|p.vp|u.vp|x.vp|g.vp|v.vp|i.vp|s.vp|a.vp|d.vp",""
"12/22/2025 8:14","12/22/2025 8:20","0","41.144.178.5","100","393","1","12/22/2025 8:20","R_8lWGviDXmZRvg2m","","","","","-29.8553","31.0428","anonymous","EN","1",214,"7","1","","","","","","","","","","","","","","","","","","","4","6","2","4","3","3","5","5","4","Velcromessage","","","Q596|d.vm|x.vm|p.vm|g.vm|i.vm|a.vm|v.vm|s.vm|u.vm"
"12/22/2025 8:19","12/22/2025 8:20","0","81.149.89.95","100","50","1","12/22/2025 8:20","R_2aqzCZI4iB8SJNe","","","","","52.4328","-2.0317","anonymous","EN","1",215,"7","1","","","","","","","","","","","","","","","","","","","3","4","3","3","4","3","3","4","4","Velcromessage","","","Q596|a.vm|v.vm|s.vm|u.vm|i.vm|p.vm|x.vm|g.vm|d.vm"
"12/22/2025 8:12","12/22/2025 8:20","0","90.211.61.253","100","489","1","12/22/2025 8:20","R_2GyFS4JHXDxokzn","","","","","52.0126","0.8986","anonymous","EN","1",216,"7","2","","","","","","","","","","","","","","","","","","","","","","","","","","","","","","",""
"12/22/2025 8:19","12/22/2025 8:20","0","2.218.182.74","100","98","1","12/22/2025 8:20","R_2n3ddPVsbYKWWPh","","","","","53.4767","-2.0895","anonymous","EN","1",217,"7","1","","","","","","","","","","5","5","3","5","5","2","4","4","4","","","","","","","","","","Velcroparticular","","Q538|s.vp|i.vp|x.vp|u.vp|d.vp|p.vp|v.vp|a.vp|g.vp",""
"12/22/2025 8:19","12/22/2025 8:21","0","146.200.147.46","100","89","1","12/22/2025 8:21","R_2LeeEYoRIsaWPe6","","","","","55.7292","-3.9601","anonymous","EN","1",218,"7","1","","","","","","","","","","","","","","","","","","","3","3","3","3","3","2","3","3","4","Velcromessage","","","Q596|p.vm|a.vm|s.vm|d.vm|x.vm|v.vm|g.vm|u.vm|i.vm"
"12/22/2025 8:19","12/22/2025 8:21","0","152.110.149.243","100","144","1","12/22/2025 8:21","R_8HI9cIu56OQbXmT","","","","","-33.9258","18.4259","anonymous","EN","1",219,"7","1","6","6","5","5","6","5","5","5","4","","","","","","","","","","","","","","","","","","","Velcrogeneral","Q457|g.vg|x.vg|v.vg|a.vg|s.vg|d.vg|u.vg|p.vg|i.vg","",""
"12/22/2025 8:20","12/22/2025 8:21","0","102.253.5.6","100","54","1","12/22/2025 8:21","R_8EWJUAOUop0eniE","","","","","-25.757","28.1443","anonymous","EN","1",220,"7","7","","","","","","","","","","","","","","","","","","","","","","","","","","","","","","",""
"12/22/2025 8:18","12/22/2025 8:21","0","108.87.133.82","100","201","1","12/22/2025 8:21","R_6Xch54paLSjVkJ5","","","","","33.7585","-84.183","anonymous","EN","1",221,"6","6","","","","","","","","","","","","","","","","","","","","","","","","","","","","","","",""
"12/22/2025 8:19","12/22/2025 8:21","0","92.40.168.198","100","131","1","12/22/2025 8:21","R_2OZvo3K1YBCdSVJ","","","","","51.5571","-0.2972","anonymous","EN","1",222,"7","1","","","","","","","","","","","","","","","","","","","1","1","2","2","1","1","1","7","4","Velcromessage","","","Q596|u.vm|a.vm|i.vm|d.vm|p.vm|x.vm|v.vm|s.vm|g.vm"
"12/22/2025 8:20","12/22/2025 8:21","0","88.97.160.114","100","60","1","12/22/2025 8:21","R_8Cg2MxL0z4mcY47","","","","","53.6946","-2.4728","anonymous","EN","1",223,"7","1","","","","","","","","","","","","","","","","","","","2","2","3","2","3","3","2","4","4","Velcromessage","","","Q596|d.vm|u.vm|x.vm|s.vm|i.vm|g.vm|v.vm|a.vm|p.vm"
"12/22/2025 8:20","12/22/2025 8:21","0","107.19.1.83","100","66","1","12/22/2025 8:21","R_1gK521ln81TyB9f","","","","","33.5683","-101.9388","anonymous","EN","1",224,"6","1","","","","","","","","","","","","","","","","","","","","","","","","","","","","","","",""
"12/22/2025 8:16","12/22/2025 8:22","0","82.17.220.16","100","350","1","12/22/2025 8:22","R_2dXtnR90o0ifJus","","","","","53.4174","-2.9112","anonymous","EN","1",225,"7","1","1","2","1","1","1","1","1","1","4","","","","","","","","","","","","","","","","","","","Velcrogeneral","Q457|s.vg|i.vg|v.vg|u.vg|x.vg|d.vg|g.vg|p.vg|a.vg","",""
"12/22/2025 8:19","12/22/2025 8:22","0","80.4.251.2","100","171","1","12/22/2025 8:22","R_8F2NOtkMlmSRSet","","","","","51.753","-0.3256","anonymous","EN","1",226,"7","1","6","6","6","6","6","6","5","6","4","","","","","","","","","","","","","","","","","","","Velcrogeneral","Q457|u.vg|a.vg|i.vg|x.vg|v.vg|p.vg|s.vg|d.vg|g.vg","",""
"12/22/2025 8:19","12/22/2025 8:22","0","27.71.98.150","100","228","1","12/22/2025 8:22","R_9QzSGpgC1JJMJP8","","","","","9.9384","106.3455","anonymous","EN","1",227,"7","4","","","","","","","","","","","","","","","","","","","","","","","","","","","","","","",""
"12/22/2025 8:20","12/22/2025 8:22","0","41.122.218.157","100","170","1","12/22/2025 8:22","R_2DkGDIxGuJgLBU5","","","","","-23.85","29.38","anonymous","EN","1",228,"7","1","","","","","","","","","","","","","","","","","","","1","1","1","1","1","1","1","7","4","Velcromessage","","","Q596|s.vm|v.vm|p.vm|a.vm|x.vm|g.vm|d.vm|i.vm|u.vm"
"12/22/2025 8:18","12/22/2025 8:23","0","37.134.220.17","100","250","1","12/22/2025 8:23","R_8dg0QdgUNUrwcty","","","","","40.3651","-3.2454","anonymous","EN","1",229,"7","1","","","","","","","","","","2","3","3","2","1","5","3","6","4","","","","","","","","","","Velcroparticular","","Q538|v.vp|a.vp|d.vp|g.vp|x.vp|s.vp|u.vp|p.vp|i.vp",""
"12/22/2025 8:14","12/22/2025 8:23","0","46.131.87.133","100","533","1","12/22/2025 8:23","R_8Yy15AvoT2MFYtH","","","","","59.4381","24.7369","anonymous","EN","1",230,"7","1","4","4","5","4","4","6","4","1","4","","","","","","","","","","","","","","","","","","","Velcrogeneral","Q457|g.vg|d.vg|x.vg|p.vg|v.vg|a.vg|u.vg|i.vg|s.vg","",""
"12/22/2025 8:18","12/22/2025 8:23","0","184.166.213.118","100","271","1","12/22/2025 8:23","R_6ZVpjvoo4OXocNL","","","","","45.776","-111.1769","anonymous","EN","1",231,"7","1","","","","","","","","","","7","7","7","7","7","7","7","7","4","","","","","","","","","","Velcroparticular","","Q538|v.vp|a.vp|d.vp|i.vp|s.vp|g.vp|p.vp|u.vp|x.vp",""
"12/22/2025 8:20","12/22/2025 8:23","0","90.217.142.210","100","195","1","12/22/2025 8:23","R_8mUYDJJOboNFhLH","","","","","55.867","-4.3056","anonymous","EN","1",232,"7","1","5","4","5","5","5","4","5","7","4","","","","","","","","","","","","","","","","","","","Velcrogeneral","Q457|s.vg|p.vg|v.vg|g.vg|u.vg|x.vg|a.vg|d.vg|i.vg","",""
"12/22/2025 8:22","12/22/2025 8:23","0","141.151.2.185","100","70","1","12/22/2025 8:23","R_60wA87ocgb8IjHB","","","","","40.3721","-75.2927","anonymous","EN","1",233,"7","1","","","","","","","","","","","","","","","","","","","1","1","1","1","1","1","1","3","4","Velcromessage","","","Q596|g.vm|d.vm|x.vm|u.vm|i.vm|v.vm|p.vm|s.vm|a.vm"
"12/22/2025 8:15","12/22/2025 8:23","0","102.253.153.7","100","466","1","12/22/2025 8:23","R_2GO0016amwehhHl","","","","","-25.757","28.1443","anonymous","EN","1",234,"7","1","3","2","3","3","3","3","2","1","4","","","","","","","","","","","","","","","","","","","Velcrogeneral","Q457|x.vg|a.vg|d.vg|i.vg|p.vg|v.vg|s.vg|g.vg|u.vg","",""
"12/22/2025 8:17","12/22/2025 8:23","0","102.254.4.15","100","345","1","12/22/2025 8:23","R_2M0ApsMVaORMoiS","","","","","-26.2309","28.0583","anonymous","EN","1",235,"6","5","","","","","","","","","","","","","","","","","","","","","","","","","","","","","","",""
"12/22/2025 8:22","12/22/2025 8:23","0","5.70.113.237","100","98","1","12/22/2025 8:23","R_8rUqTXixjjc0v5E","","","","","52.5495","0.8142","anonymous","EN","1",236,"7","1","","","","","","","","","","","","","","","","","","","1","1","2","1","1","2","2","6","4","Velcromessage","","","Q596|d.vm|s.vm|p.vm|a.vm|x.vm|v.vm|g.vm|i.vm|u.vm"
"12/22/2025 8:13","12/22/2025 8:23","0","31.94.58.69","100","595","1","12/22/2025 8:23","R_24CprWGtGwGFXu9","","","","","51.5893","-2.9931","anonymous","EN","1",237,"7","1","","","","","","","","","","","","","","","","","","","6","5","6","6","5","6","5","5","4","Velcromessage","","","Q596|a.vm|x.vm|s.vm|g.vm|u.vm|d.vm|v.vm|i.vm|p.vm"
"12/22/2025 8:22","12/22/2025 8:23","0","107.3.8.65","100","113","1","12/22/2025 8:23","R_7oqiQuP06ZPDr9v","","","","","41.2723","-75.8887","anonymous","EN","1",238,"3","2","","","","","","","","","","","","","","","","","","","","","","","","","","","","","","",""
"12/22/2025 8:22","12/22/2025 8:24","0","2.102.175.149","100","73","1","12/22/2025 8:24","R_232zfuoFQVNCJV2","","","","","51.4936","-0.2583","anonymous","EN","1",239,"5","2","","","","","","","","","","","","","","","","","","","","","","","","","","","","","","",""
"12/22/2025 8:21","12/22/2025 8:24","0","50.171.203.226","100","131","1","12/22/2025 8:24","R_5kcT6HPk3Da58Bz","","","","","40.0109","-89.8438","anonymous","EN","1",240,"7","1","5","4","4","5","3","5","4","5","4","","","","","","","","","","","","","","","","","","","Velcrogeneral","Q457|u.vg|g.vg|s.vg|d.vg|a.vg|p.vg|v.vg|i.vg|x.vg","",""
"12/22/2025 8:22","12/22/2025 8:24","0","94.6.165.242","100","127","1","12/22/2025 8:24","R_2w1FkbsFioaYfPX","","","","","53.7644","-1.7336","anonymous","EN","1",241,"7","1","5","3","5","3","2","4","2","5","4","","","","","","","","","","","","","","","","","","","Velcrogeneral","Q457|i.vg|s.vg|a.vg|d.vg|x.vg|v.vg|g.vg|p.vg|u.vg","",""
"12/22/2025 8:20","12/22/2025 8:24","0","41.121.179.172","100","237","1","12/22/2025 8:24","R_8oYlP8JRRgiadf3","","","","","-29.8553","31.0428","anonymous","EN","1",242,"7","1","","","","","","","","","","5","4","5","5","5","6","5","6","4","","","","","","","","","","Velcroparticular","","Q538|x.vp|v.vp|a.vp|s.vp|d.vp|g.vp|p.vp|u.vp|i.vp",""
"12/22/2025 8:21","12/22/2025 8:24","0","184.182.118.127","100","144","1","12/22/2025 8:24","R_3t36oMoyqzHjRmq","","","","","36.0907","-115.0886","anonymous","EN","1",243,"7","1","5","6","6","6","5","6","4","4","4","","","","","","","","","","","","","","","","","","","Velcrogeneral","Q457|u.vg|p.vg|g.vg|i.vg|x.vg|v.vg|s.vg|a.vg|d.vg","",""
"12/22/2025 8:16","12/22/2025 8:24","0","217.44.151.152","100","499","1","12/22/2025 8:24","R_8aQBEzyIctNqb7R","","","","","52.1984","-3.0129","anonymous","EN","1",244,"7","1","","","","","","","","","","6","6","6","6","6","6","7","6","4","","","","","","","","","","Velcroparticular","","Q538|s.vp|x.vp|v.vp|d.vp|i.vp|a.vp|u.vp|g.vp|p.vp",""
"12/22/2025 8:20","12/22/2025 8:24","0","109.155.62.9","100","265","1","12/22/2025 8:24","R_8ZBOdmjbnNaZRxq","","","","","53.8362","-1.7686","anonymous","EN","1",245,"7","1","","","","","","","","","","1","1","2","1","1","2","1","1","4","","","","","","","","","","Velcroparticular","","Q538|u.vp|p.vp|g.vp|v.vp|i.vp|s.vp|d.vp|a.vp|x.vp",""
"12/22/2025 8:23","12/22/2025 8:25","0","104.28.40.135","100","88","1","12/22/2025 8:25","R_8BzVcSKEpUVU3yW","","","","","51.3904","-0.0992","anonymous","EN","1",246,"7","1","","","","","","","","","","","","","","","","","","","4","4","5","4","5","2","2","5","4","Velcromessage","","","Q596|u.vm|p.vm|a.vm|s.vm|d.vm|g.vm|v.vm|x.vm|i.vm"
"12/22/2025 8:23","12/22/2025 8:25","0","5.70.114.5","100","131","1","12/22/2025 8:25","R_8h6F8mTDEuG2Ijh","","","","","52.0445","-0.0417","anonymous","EN","1",247,"7","1","","","","","","","","","","5","5","4","5","5","5","4","3","4","","","","","","","","","","Velcroparticular","","Q538|p.vp|s.vp|u.vp|v.vp|d.vp|a.vp|i.vp|x.vp|g.vp",""
"12/22/2025 8:13","12/22/2025 8:25","0","24.112.204.109","100","763","1","12/22/2025 8:25","R_1RPz7wvB97q8lHo","","","","","40.6265","-80.0559","anonymous","EN","1",248,"7","1","5","3","6","5","5","5","5","6","4","","","","","","","","","","","","","","","","","","","Velcrogeneral","Q457|a.vg|i.vg|x.vg|u.vg|p.vg|s.vg|g.vg|d.vg|v.vg","",""
"12/22/2025 8:23","12/22/2025 8:26","0","51.148.157.161","100","149","1","12/22/2025 8:26","R_81SGE54uddrvyCb","","","","","52.3378","-1.5835","anonymous","EN","1",249,"7","1","","","","","","","","","","5","6","6","5","4","5","5","3","4","","","","","","","","","","Velcroparticular","","Q538|x.vp|u.vp|i.vp|d.vp|s.vp|p.vp|a.vp|g.vp|v.vp",""
"12/22/2025 8:21","12/22/2025 8:26","0","154.65.118.19","100","303","1","12/22/2025 8:26","R_8B7QFG0v42V0VZn","","","","","-23.8287","30.1672","anonymous","EN","1",250,"7","1","","","","","","","","","","","","","","","","","","","6","6","6","6","6","6","6","6","4","Velcromessage","","","Q596|g.vm|a.vm|i.vm|p.vm|s.vm|u.vm|v.vm|d.vm|x.vm"
"12/22/2025 8:17","12/22/2025 8:27","0","174.231.48.96","100","562","1","12/22/2025 8:27","R_75YDl2mRDNBXTdy","","","","","41.534","-74.0492","anonymous","EN","1",251,"7","1","","","","","","","","","","5","5","4","4","4","5","5","2","4","","","","","","","","","","Velcroparticular","","Q538|x.vp|p.vp|a.vp|v.vp|d.vp|i.vp|u.vp|g.vp|s.vp",""
"12/22/2025 8:24","12/22/2025 8:27","0","172.59.172.86","100","150","1","12/22/2025 8:27","R_3q4xOb55BB1UW74","","","","","38.6745","-90.2426","anonymous","EN","1",252,"7","1","","","","","","","","","","","","","","","","","","","4","4","5","4","4","5","4","5","4","Velcromessage","","","Q596|a.vm|g.vm|s.vm|v.vm|i.vm|p.vm|x.vm|u.vm|d.vm"
"12/22/2025 8:26","12/22/2025 8:27","0","86.150.188.36","100","82","1","12/22/2025 8:27","R_2xITbZl1WI86pGN","","","","","51.5164","-0.093","anonymous","EN","1",253,"7","1","5","4","7","5","6","7","6","5","4","","","","","","","","","","","","","","","","","","","Velcrogeneral","Q457|d.vg|s.vg|a.vg|g.vg|i.vg|p.vg|u.vg|x.vg|v.vg","",""
"12/22/2025 8:24","12/22/2025 8:28","0","41.198.158.1","100","230","1","12/22/2025 8:28","R_8oNtT1fxCZZNCgw","","","","","-26.2309","28.0583","anonymous","EN","1",254,"7","1","","","","","","","","","","2","1","4","1","1","1","1","1","4","","","","","","","","","","Velcroparticular","","Q538|i.vp|a.vp|d.vp|s.vp|u.vp|x.vp|p.vp|v.vp|g.vp",""
"12/22/2025 8:26","12/22/2025 8:28","0","194.75.223.175","100","104","1","12/22/2025 8:28","R_2BUJxLmGkmONFp7","","","","","51.9534","0.9236","anonymous","EN","1",255,"7","1","3","5","2","2","1","3","5","1","4","","","","","","","","","","","","","","","","","","","Velcrogeneral","Q457|p.vg|s.vg|d.vg|g.vg|v.vg|i.vg|a.vg|x.vg|u.vg","",""
"12/22/2025 8:25","12/22/2025 8:28","0","62.49.118.59","100","210","1","12/22/2025 8:28","R_814g4yIFsRjG5Ji","","","","","51.4659","-0.2117","anonymous","EN","1",256,"7","1","","","","","","","","","","","","","","","","","","","2","2","3","4","3","2","1","5","4","Velcromessage","","","Q596|u.vm|i.vm|s.vm|p.vm|v.vm|d.vm|x.vm|a.vm|g.vm"
"12/22/2025 8:15","12/22/2025 8:28","0","90.217.128.212","100","765","1","12/22/2025 8:28","R_2k6T4a18GdVUMJX","","","","","52.0891","0.456","anonymous","EN","1",257,"7","1","","","","","","","","","","1","3","3","2","1","3","1","2","4","","","","","","","","","","Velcroparticular","","Q538|i.vp|u.vp|x.vp|v.vp|s.vp|g.vp|d.vp|a.vp|p.vp",""
"12/22/2025 8:26","12/22/2025 8:29","0","73.12.111.214","100","183","1","12/22/2025 8:29","R_7fpHkIgGZIxMFep","","","","","37.5503","-77.3942","anonymous","EN","1",258,"7","1","","","","","","","","","","1","1","1","1","1","1","1","1","4","","","","","","","","","","Velcroparticular","","Q538|a.vp|g.vp|i.vp|x.vp|u.vp|p.vp|v.vp|s.vp|d.vp",""
"12/22/2025 8:27","12/22/2025 8:29","0","172.59.82.183","100","138","1","12/22/2025 8:29","R_3sMIfDdZU5hHDKV","","","","","38.1866","-85.6529","anonymous","EN","1",259,"7","1","","","","","","","","","","","","","","","","","","","2","1","2","2","2","3","1","3","4","Velcromessage","","","Q596|d.vm|g.vm|v.vm|a.vm|u.vm|i.vm|p.vm|x.vm|s.vm"
"12/22/2025 8:27","12/22/2025 8:29","0","108.85.184.160","100","134","1","12/22/2025 8:29","R_7DjnHcMph8LpEJz","","","","","43.0725","-89.4491","anonymous","EN","1",260,"7","1","4","5","3","4","3","3","3","5","4","","","","","","","","","","","","","","","","","","","Velcrogeneral","Q457|s.vg|g.vg|x.vg|i.vg|a.vg|v.vg|u.vg|p.vg|d.vg","",""
"12/22/2025 8:28","12/22/2025 8:30","0","81.77.53.208","100","104","1","12/22/2025 8:30","R_8D9xisUONuQU61X","","","","","53.7037","-1.639","anonymous","EN","1",261,"7","1","","","","","","","","","","","","","","","","","","","3","4","2","3","5","3","3","5","4","Velcromessage","","","Q596|a.vm|d.vm|s.vm|p.vm|v.vm|i.vm|g.vm|x.vm|u.vm"
"12/22/2025 8:25","12/22/2025 8:30","0","67.7.79.162","100","322","1","12/22/2025 8:30","R_1bZySgmCN74mg2E","","","","","26.5929","-81.6784","anonymous","EN","1",262,"7","1","6","4","5","6","6","5","3","5","4","","","","","","","","","","","","","","","","","","","Velcrogeneral","Q457|u.vg|a.vg|d.vg|v.vg|p.vg|i.vg|x.vg|g.vg|s.vg","",""
"12/22/2025 8:29","12/22/2025 8:30","0","140.209.209.177","100","58","1","12/22/2025 8:30","R_8btAHtMtunkrX0t","","","","","51.5081","-0.1278","anonymous","EN","1",263,"7","1","","","","","","","","","","","","","","","","","","","4","4","4","4","4","5","4","5","4","Velcromessage","","","Q596|i.vm|u.vm|a.vm|d.vm|s.vm|x.vm|v.vm|p.vm|g.vm"
"12/22/2025 8:16","12/22/2025 8:31","0","81.131.36.97","100","901","1","12/22/2025 8:31","R_8CC7jWx26AH960i","","","","","52.6181","-1.1804","anonymous","EN","1",264,"7","1","","","","","","","","","","5","5","6","5","2","5","2","6","4","","","","","","","","","","Velcroparticular","","Q538|a.vp|s.vp|x.vp|d.vp|i.vp|p.vp|v.vp|u.vp|g.vp",""
"12/22/2025 8:30","12/22/2025 8:32","0","35.136.3.194","100","103","1","12/22/2025 8:32","R_7mkT4QGvTnxwh5s","","","","","28.2475","-82.4943","anonymous","EN","1",265,"7","1","4","3","3","4","3","3","4","4","4","","","","","","","","","","","","","","","","","","","Velcrogeneral","Q457|u.vg|a.vg|s.vg|d.vg|x.vg|g.vg|v.vg|p.vg|i.vg","",""
"12/22/2025 8:26","12/22/2025 8:32","0","102.253.152.9","100","337","1","12/22/2025 8:32","R_2QOnWZ6BW9ca3lv","","","","","-25.757","28.1443","anonymous","EN","1",266,"7","1","","","","","","","","","","6","5","6","6","7","6","6","4","4","","","","","","","","","","Velcroparticular","","Q538|i.vp|v.vp|x.vp|d.vp|a.vp|p.vp|u.vp|s.vp|g.vp",""
"12/22/2025 8:29","12/22/2025 8:32","0","165.225.16.106","100","185","1","12/22/2025 8:32","R_2CCMLknmC5JJFBZ","","","","","51.5081","-0.1278","anonymous","EN","1",267,"7","3","","","","","","","","","","","","","","","","","","","","","","","","","","","","","","",""
"12/22/2025 8:32","12/22/2025 8:32","0","31.94.32.238","100","36","1","12/22/2025 8:32","R_2O6JPBuwCcH8jMR","","","","","51.5327","-0.0996","anonymous","EN","1",268,"6","1","","","","","","","","","","","","","","","","","","","","","","","","","","","","","","",""
"12/22/2025 8:31","12/22/2025 8:33","0","99.236.180.160","100","107","1","12/22/2025 8:33","R_1aXpnvpowYNF5ct","","","","","43.9702","-80.016","anonymous","EN","1",269,"7","1","","","","","","","","","","","","","","","","","","","2","2","2","2","2","2","3","4","4","Velcromessage","","","Q596|i.vm|d.vm|g.vm|s.vm|p.vm|v.vm|a.vm|x.vm|u.vm"
"12/22/2025 8:32","12/22/2025 8:33","0","2.122.237.140","100","90","1","12/22/2025 8:33","R_2LOdup67JgEmprj","","","","","51.4505","0.2186","anonymous","EN","1",270,"4","1","","","","","","","","","","","","","","","","","","","","","","","","","","","","","","",""
"12/22/2025 8:31","12/22/2025 8:33","0","41.121.145.160","100","134","1","12/22/2025 8:33","R_2SdkSf4iBo5haSS","","","","","-29.8553","31.0428","anonymous","EN","1",271,"7","7","","","","","","","","","","","","","","","","","","","","","","","","","","","","","","",""
"12/22/2025 8:32","12/22/2025 8:34","0","46.177.29.208","100","78","1","12/22/2025 8:34","R_2cfwNBtUQA8HW49","","","","","37.9842","23.7353","anonymous","EN","1",272,"5","1","","","","","","","","","","","","","","","","","","","","","","","","","","","","","","",""
"12/22/2025 8:17","12/22/2025 8:34","0","95.146.233.82","100","1008","1","12/22/2025 8:34","R_8SuYhmWO0CGvNef","","","","","53.6767","-1.6584","anonymous","EN","1",273,"7","1","","","","","","","","","","","","","","","","","","","3","2","2","3","1","2","2","2","4","Velcromessage","","","Q596|s.vm|d.vm|u.vm|v.vm|p.vm|i.vm|a.vm|x.vm|g.vm"
"12/22/2025 8:33","12/22/2025 8:36","0","136.62.107.78","100","133","1","12/22/2025 8:36","R_794CGk70zkfGHcm","","","","","30.2424","-97.767","anonymous","EN","1",274,"7","1","3","2","2","3","3","2","3","3","4","","","","","","","","","","","","","","","","","","","Velcrogeneral","Q457|p.vg|a.vg|i.vg|d.vg|v.vg|s.vg|x.vg|g.vg|u.vg","",""
"12/22/2025 8:34","12/22/2025 8:36","0","92.40.217.122","100","129","1","12/22/2025 8:36","R_81FU9uORln2iDEF","","","","","52.455","-1.8641","anonymous","EN","1",275,"7","1","","","","","","","","","","","","","","","","","","","1","1","1","2","2","2","1","5","4","Velcromessage","","","Q596|x.vm|g.vm|p.vm|i.vm|v.vm|s.vm|a.vm|d.vm|u.vm"
"12/22/2025 8:31","12/22/2025 8:36","0","223.185.129.238","100","296","1","12/22/2025 8:36","R_41Nb7ZHKg4AWtxL","","","","","12.9753","77.591","anonymous","EN","1",276,"7","1","","","","","","","","","","5","3","6","2","2","4","2","6","4","","","","","","","","","","Velcroparticular","","Q538|s.vp|v.vp|g.vp|p.vp|i.vp|d.vp|x.vp|u.vp|a.vp",""
"12/22/2025 8:35","12/22/2025 8:37","0","86.20.66.21","100","125","1","12/22/2025 8:37","R_84DhZ16C82RZu81","","","","","50.8345","-0.186","anonymous","EN","1",277,"7","1","6","6","5","6","6","5","5","6","4","","","","","","","","","","","","","","","","","","","Velcrogeneral","Q457|v.vg|a.vg|p.vg|d.vg|x.vg|g.vg|s.vg|u.vg|i.vg","",""
"12/22/2025 8:35","12/22/2025 8:38","0","102.209.191.22","100","215","1","12/22/2025 8:38","R_8VgN9RHgYuLxRHH","","","","","-26.2309","28.0583","anonymous","EN","1",278,"7","1","","","","","","","","","","1","1","1","1","1","1","1","6","4","","","","","","","","","","Velcroparticular","","Q538|x.vp|a.vp|g.vp|u.vp|d.vp|v.vp|p.vp|i.vp|s.vp",""
"12/22/2025 8:21","12/22/2025 8:39","0","80.43.238.21","100","1041","1","12/22/2025 8:39","R_2Hkn2RlSprPYhCI","","","","","51.4874","0.1597","anonymous","EN","1",279,"7","1","","","","","","","","","","","","","","","","","","","4","4","4","4","4","4","4","4","4","Velcromessage","","","Q596|x.vm|g.vm|d.vm|a.vm|v.vm|u.vm|s.vm|i.vm|p.vm"
"12/22/2025 8:37","12/22/2025 8:39","0","151.82.163.70","100","133","1","12/22/2025 8:39","R_2ovzhnE9qlOiitH","","","","","43.1479","12.1097","anonymous","EN","1",280,"2","3","","","","","","","","","","","","","","","","","","","","","","","","","","","","","","",""
"12/22/2025 8:36","12/22/2025 8:40","0","102.213.132.32","100","248","1","12/22/2025 8:40","R_8yrP8QfPwmxvbb5","","","","","-26.0977","27.768","anonymous","EN","1",281,"7","1","","","","","","","","","","1","1","3","1","1","1","3","1","4","","","","","","","","","","Velcroparticular","","Q538|i.vp|p.vp|v.vp|s.vp|u.vp|d.vp|g.vp|a.vp|x.vp",""
"12/22/2025 8:38","12/22/2025 8:41","0","92.16.74.255","100","173","1","12/22/2025 8:41","R_2iDMyYLMvqdeT8g","","","","","51.532","0.0884","anonymous","EN","1",282,"7","1","2","5","5","6","5","6","4","2","4","","","","","","","","","","","","","","","","","","","Velcrogeneral","Q457|x.vg|g.vg|i.vg|p.vg|u.vg|s.vg|a.vg|v.vg|d.vg","",""
"12/22/2025 8:38","12/22/2025 8:41","0","152.37.110.15","100","184","1","12/22/2025 8:41","R_8pgWXk85X2vpt9Q","","","","","51.5507","-0.0537","anonymous","EN","1",283,"7","1","7","7","7","4","4","6","1","4","4","","","","","","","","","","","","","","","","","","","Velcrogeneral","Q457|v.vg|x.vg|p.vg|s.vg|i.vg|a.vg|u.vg|d.vg|g.vg","",""
"12/22/2025 8:36","12/22/2025 8:42","0","5.70.250.156","100","361","1","12/22/2025 8:42","R_2KQslRdBt31gZzP","","","","","51.5384","-0.039","anonymous","EN","1",284,"7","1","","","","","","","","","","1","2","2","1","2","3","2","2","4","","","","","","","","","","Velcroparticular","","Q538|x.vp|d.vp|u.vp|g.vp|a.vp|i.vp|v.vp|s.vp|p.vp",""
"12/22/2025 8:40","12/22/2025 8:42","0","71.178.30.174","100","177","1","12/22/2025 8:42","R_3eRExqVjMF6Upd7","","","","","38.8865","-77.0911","anonymous","EN","1",285,"7","1","","","","","","","","","","","","","","","","","","","5","6","5","6","5","5","4","5","4","Velcromessage","","","Q596|i.vm|u.vm|g.vm|s.vm|x.vm|a.vm|p.vm|d.vm|v.vm"
"12/22/2025 8:42","12/22/2025 8:44","0","73.106.231.148","100","129","1","12/22/2025 8:44","R_75DvJiQtX8t4Ynv","","","","","33.8983","-84.5893","anonymous","EN","1",286,"7","1","","","","","","","","","","","","","","","","","","","3","2","3","3","5","2","2","5","4","Velcromessage","","","Q596|a.vm|p.vm|s.vm|x.vm|v.vm|u.vm|g.vm|i.vm|d.vm"
"12/22/2025 8:42","12/22/2025 8:44","0","147.161.4.199","100","142","1","12/22/2025 8:44","R_3gUYWiLkedlrW3R","","","","","39.2798","-89.8818","anonymous","EN","1",287,"7","1","6","4","7","6","7","5","4","5","4","","","","","","","","","","","","","","","","","","","Velcrogeneral","Q457|i.vg|a.vg|v.vg|x.vg|g.vg|d.vg|u.vg|s.vg|p.vg","",""
"12/22/2025 8:46","12/22/2025 8:48","0","86.152.191.6","100","120","1","12/22/2025 8:48","R_2qfnEU8TGfO2P2X","","","","","51.5164","-0.093","anonymous","EN","1",288,"7","1","","","","","","","","","","2","4","5","3","3","3","2","3","4","","","","","","","","","","Velcroparticular","","Q538|p.vp|i.vp|x.vp|a.vp|u.vp|d.vp|v.vp|s.vp|g.vp",""
"12/22/2025 8:46","12/22/2025 8:49","0","201.77.175.227","100","188","1","12/22/2025 8:49","R_1ylpMrzpX0yVD7V","","","","","-19.9644","-44.1969","anonymous","EN","1",289,"7","1","","","","","","","","","","7","6","6","6","6","6","4","5","4","","","","","","","","","","Velcroparticular","","Q538|p.vp|s.vp|a.vp|v.vp|i.vp|u.vp|x.vp|d.vp|g.vp",""
"12/22/2025 8:48","12/22/2025 8:49","0","92.18.52.118","100","90","1","12/22/2025 8:49","R_8dNvNnPyWrgMBf7","","","","","50.8144","-0.5372","anonymous","EN","1",290,"7","1","4","5","7","7","2","6","1","3","4","","","","","","","","","","","","","","","","","","","Velcrogeneral","Q457|u.vg|i.vg|p.vg|d.vg|x.vg|a.vg|s.vg|g.vg|v.vg","",""
"12/22/2025 8:39","12/22/2025 8:49","0","51.179.194.151","100","611","1","12/22/2025 8:49","R_8e5rSHP1UNOvNhD","","","","","52.6257","-2.0545","anonymous","EN","1",291,"5","1","","","","","","","","","","","","","","","","","","","","","","","","","","","","","","",""
"12/22/2025 8:48","12/22/2025 8:50","0","197.185.186.145","100","124","1","12/22/2025 8:50","R_8WEvi4vGaZAhY4h","","","","","-26.2309","28.0583","anonymous","EN","1",292,"7","1","","","","","","","","","","","","","","","","","","","2","2","1","2","2","6","1","4","4","Velcromessage","","","Q596|i.vm|d.vm|x.vm|s.vm|g.vm|a.vm|v.vm|p.vm|u.vm"
"12/22/2025 8:58","12/22/2025 8:59","0","81.97.9.76","100","96","1","12/22/2025 8:59","R_85YCen6mPg39sSA","","","","","51.4862","-0.1008","anonymous","EN","1",293,"5","1","","","","","","","","","","","","","","","","","","","","","","","","","","","","","","",""
"12/22/2025 9:03","12/22/2025 9:07","0","176.27.152.52","100","191","1","12/22/2025 9:07","R_2QXzx94OsQ4PTxB","","","","","52.808","-2.1118","anonymous","EN","1",294,"7","1","","","","","","","","","","","","","","","","","","","5","5","5","5","5","5","5","5","4","Velcromessage","","","Q596|d.vm|x.vm|a.vm|v.vm|u.vm|g.vm|i.vm|s.vm|p.vm"
"12/22/2025 8:15","12/22/2025 9:44","0","81.99.111.159","100","5344","1","12/22/2025 9:44","R_2zkBP0egp3Y2TO9","","","","","51.6","-0.2167","anonymous","EN","1",295,"7","2","","","","","","","","","","","","","","","","","","","","","","","","","","","","","","",""
