Status,Custom study tncs accepted at,Started at,Completed at,Reviewed at,Archived at,Time taken,Completion code,Total approvals,Primary language,Age,Sex,Ethnicity simplified,Country of birth,Country of residence,Nationality,Language,Student status,Employment status
APPROVED,Not Applicable,2024-09-09T14:36:29.951000Z,2024-09-09T14:40:27.822000Z,2024-09-11T14:31:44.397000Z,2024-09-09T14:41:21.416283Z,238,C10OZW7Z,638,English,38,Male,White,United States,United States,United States,English,DATA_EXPIRED,DATA_EXPIRED
APPROVED,Not Applicable,2024-09-09T14:38:48.089000Z,2024-09-09T14:42:22.732000Z,2024-09-11T14:32:03.947000Z,2024-09-09T14:42:32.023341Z,215,C10OZW7Z,2904,English,55,Male,White,United Kingdom,United Kingdom,United Kingdom,English,No,Full-Time
APPROVED,Not Applicable,2024-09-09T14:38:33.956000Z,2024-09-09T14:42:16.274000Z,2024-09-11T14:29:52.951000Z,2024-09-09T14:42:29.787904Z,223,C10OZW7Z,6,English,40,Female,White,United Kingdom,United Kingdom,United Kingdom,English,No,Full-Time
APPROVED,Not Applicable,2024-09-09T14:39:25.946000Z,2024-09-09T14:53:19.581000Z,2024-09-11T14:30:03.720000Z,2024-09-09T14:56:11.377269Z,834,C10OZW7Z,1037,English,33,Female,White,United Kingdom,United Kingdom,United Kingdom,English,No,"Not in paid work (e.g. homemaker', 'retired or disabled)"
APPROVED,Not Applicable,2024-09-09T14:40:47.594000Z,2024-09-09T14:45:58.837000Z,2024-09-11T14:32:18.521000Z,2024-09-09T14:46:00.890844Z,312,C10OZW7Z,2106,English,29,Male,White,United Kingdom,United Kingdom,United Kingdom,English,DATA_EXPIRED,DATA_EXPIRED
APPROVED,Not Applicable,2024-09-09T14:33:56.766000Z,2024-09-09T14:40:21.149000Z,2024-09-11T14:31:34.367000Z,2024-09-09T14:41:16.060976Z,385,C10OZW7Z,269,"Greek, English",39,Male,White,Greece,Greece,Greece,Greek,No,Other
APPROVED,Not Applicable,2024-09-09T14:36:29.573000Z,2024-09-09T14:43:39.139000Z,2024-09-11T14:29:16.832000Z,2024-09-09T14:44:47.364343Z,430,C10OZW7Z,383,English,48,Female,White,Romania,United Kingdom,United Kingdom,Romanian,No,Full-Time
APPROVED,Not Applicable,2024-09-09T14:36:36.679000Z,2024-09-09T14:39:45.211000Z,2024-09-11T14:31:49.758000Z,2024-09-09T14:41:06.682231Z,189,C10OZW7Z,150,English,43,Male,White,Canada,Canada,Canada,English,No,"Not in paid work (e.g. homemaker', 'retired or disabled)"
APPROVED,Not Applicable,2024-09-09T14:39:08.216000Z,2024-09-09T14:41:26.616000Z,2024-09-11T14:30:01.136000Z,2024-09-09T14:41:42.581577Z,139,C10OZW7Z,477,English,24,Female,White,Canada,Canada,Canada,English,No,Full-Time
APPROVED,Not Applicable,2024-09-09T14:38:51.510000Z,2024-09-09T14:41:53.869000Z,2024-09-11T14:29:56.591000Z,2024-09-09T14:42:18.277340Z,183,C10OZW7Z,687,English,25,Female,White,United Kingdom,United Kingdom,United Kingdom,English,DATA_EXPIRED,DATA_EXPIRED
APPROVED,Not Applicable,2024-09-09T14:42:36.113000Z,2024-09-09T14:46:08.235000Z,2024-09-11T14:32:32.264000Z,2024-09-09T14:46:08.967647Z,213,C10OZW7Z,902,English,40,Male,White,United States,United States,United States,English,No,Full-Time
APPROVED,Not Applicable,2024-09-09T14:39:59.235000Z,2024-09-09T14:45:09.310000Z,2024-09-11T14:30:08.274000Z,2024-09-09T14:45:22.701532Z,311,C10OZW7Z,1774,English,60,Female,White,United Kingdom,United Kingdom,United Kingdom,English,No,"Not in paid work (e.g. homemaker', 'retired or disabled)"
APPROVED,Not Applicable,2024-09-09T14:37:32.638000Z,2024-09-09T14:40:37.899000Z,2024-09-11T14:29:38.756000Z,2024-09-09T14:41:33.220160Z,186,C10OZW7Z,1672,English,32,Female,White,United Kingdom,United Kingdom,United Kingdom,English,No,Part-Time
APPROVED,Not Applicable,2024-09-09T14:37:19.708000Z,2024-09-09T14:38:13.616000Z,2024-09-11T14:31:55.431000Z,2024-09-09T14:40:45.602026Z,54,C10OZW7Z,1931,English,43,Male,White,United Kingdom,United Kingdom,United Kingdom,English,No,Full-Time
APPROVED,Not Applicable,2024-09-09T14:38:30.774000Z,2024-09-09T14:42:05.322000Z,2024-09-11T14:32:02.458000Z,2024-09-09T14:42:24.485075Z,215,C10OZW7Z,157,English,27,Male,White,United Kingdom,United Kingdom,United Kingdom,English,No,Full-Time
APPROVED,Not Applicable,2024-09-09T14:40:13.383000Z,2024-09-09T14:45:20.383000Z,2024-09-11T14:32:12.893000Z,2024-09-09T14:45:27.275970Z,307,C10OZW7Z,1154,English,34,Male,White,Ireland,Ireland,Ireland,English,No,Full-Time
APPROVED,Not Applicable,2024-09-09T14:37:21.186000Z,2024-09-09T14:45:42.775000Z,2024-09-11T14:31:54.808000Z,2024-09-09T14:45:43.494877Z,502,C10OZW7Z,193,"English, Spanish, Galician",38,Male,White,Spain,Spain,Spain,Spanish,No,Part-Time
APPROVED,Not Applicable,2024-09-09T14:38:55.312000Z,2024-09-09T14:39:31.939000Z,2024-09-11T14:32:04.491000Z,2024-09-09T14:41:01.842334Z,37,C10OZW7Z,756,English,55,Male,White,United Kingdom,United Kingdom,United Kingdom,English,No,Full-Time
APPROVED,Not Applicable,2024-09-09T14:37:52.735000Z,2024-09-09T14:41:35.140000Z,2024-09-11T14:31:58.959000Z,2024-09-09T14:41:52.157856Z,223,C10OZW7Z,553,"English, Dutch, Spanish, Catalan",56,Male,White,Netherlands,Spain,Netherlands,Dutch,No,Other
APPROVED,Not Applicable,2024-09-09T14:37:22.452000Z,2024-09-09T14:39:43.037000Z,2024-09-11T14:31:52.346000Z,2024-09-09T14:41:04.450032Z,141,C10OZW7Z,1776,English,46,Male,Asian,United Kingdom,United Kingdom,United Kingdom,English,No,Full-Time
APPROVED,Not Applicable,2024-09-09T14:41:04.498000Z,2024-09-09T14:44:33.580000Z,2024-09-11T14:31:51.757000Z,2024-09-09T14:44:59.183723Z,210,C10OZW7Z,271,"English, Spanish",37,Male,White,United Kingdom,Chile,United Kingdom,English,No,Full-Time
APPROVED,Not Applicable,2024-09-09T14:42:10.815000Z,2024-09-09T14:46:18.235000Z,2024-09-11T14:32:28.773000Z,2024-09-09T14:46:19.045356Z,248,C10OZW7Z,627,"English, Italian, Polish, Spanish, French",30,Male,White,Poland,Poland,Poland,English,Yes,Part-Time
APPROVED,Not Applicable,2024-09-09T14:42:38.220000Z,2024-09-09T14:43:34.637000Z,2024-09-11T14:32:32.869000Z,2024-09-09T14:44:43.143785Z,57,C10OZW7Z,110,English,54,Male,White,United Kingdom,United Kingdom,United Kingdom,English,No,Part-Time
APPROVED,Not Applicable,2024-09-09T14:37:49.151000Z,2024-09-09T14:40:40.310000Z,2024-09-11T14:29:44.549000Z,2024-09-09T14:41:20.448522Z,172,C10OZW7Z,1866,English,51,Female,White,United Kingdom,United Kingdom,United Kingdom,English,DATA_EXPIRED,Full-Time
APPROVED,Not Applicable,2024-09-09T14:32:28.141000Z,2024-09-09T14:43:52.668000Z,2024-09-11T14:31:26.474000Z,2024-09-09T14:44:50.921009Z,685,C10OZW7Z,465,"Spanish, Italian, English, Russian, Other",28,Male,Asian,Mongolia,Italy,Mongolia,Russian,No,Part-Time
APPROVED,Not Applicable,2024-09-09T14:38:47.542000Z,2024-09-09T14:42:13.488000Z,2024-09-11T14:29:55.329000Z,2024-09-09T14:42:28.138936Z,206,C10OZW7Z,952,"English, Italian",53,Female,White,Italy,Canada,Italy,Italian,No,Full-Time
APPROVED,Not Applicable,2024-09-09T14:37:51.032000Z,2024-09-09T14:42:14.842000Z,2024-09-11T14:31:58.680000Z,2024-09-09T14:42:28.508062Z,264,C10OZW7Z,1146,English,23,Male,White,United Kingdom,United Kingdom,United Kingdom,English,No,Full-Time
APPROVED,Not Applicable,2024-09-09T14:40:50.078000Z,2024-09-09T14:47:53.187000Z,2024-09-11T14:32:19.670000Z,2024-09-09T14:47:55.041278Z,424,C10OZW7Z,948,English,21,Male,Asian,Canada,Canada,Canada,English,No,DATA_EXPIRED
APPROVED,Not Applicable,2024-09-09T14:38:09.127000Z,2024-09-09T14:41:04.235000Z,2024-09-11T14:32:00.039000Z,2024-09-09T14:42:08.106141Z,176,C10OZW7Z,2511,English,42,Male,White,United Kingdom,United Kingdom,United Kingdom,English,No,Full-Time
APPROVED,Not Applicable,2024-09-09T14:34:41.655000Z,2024-09-09T14:35:09.582000Z,2024-09-11T14:29:02.557000Z,2024-09-09T14:35:11.973363Z,28,C10OZW7Z,345,English,32,Female,White,United Kingdom,United Kingdom,United Kingdom,English,No,DATA_EXPIRED
APPROVED,Not Applicable,2024-09-09T14:33:56.177000Z,2024-09-09T14:40:41.183000Z,2024-09-11T14:31:34.652000Z,2024-09-09T14:41:20.390055Z,406,C10OZW7Z,54,"Italian, English",28,Male,White,Italy,Italy,Italy,Italian,No,DATA_EXPIRED
APPROVED,Not Applicable,2024-09-09T14:39:14.537000Z,2024-09-09T14:46:30.597000Z,2024-09-11T14:32:06.885000Z,2024-09-09T14:46:31.398346Z,437,C10OZW7Z,1471,English,75,Male,White,United Kingdom,United Kingdom,United Kingdom,English,DATA_EXPIRED,DATA_EXPIRED
APPROVED,Not Applicable,2024-09-09T14:42:37.247000Z,2024-09-09T14:45:06.057000Z,2024-09-11T14:32:31.631000Z,2024-09-09T14:45:22.053883Z,149,C10OZW7Z,433,English,38,Male,White,Canada,Canada,Canada,English,No,Full-Time
APPROVED,Not Applicable,2024-09-09T14:41:41.584000Z,2024-09-09T14:47:41.898000Z,2024-09-11T14:32:25.612000Z,2024-09-09T14:47:42.934244Z,361,C10OZW7Z,509,English,61,Male,White,Canada,Canada,Canada,English,DATA_EXPIRED,DATA_EXPIRED
APPROVED,Not Applicable,2024-09-09T14:40:02.183000Z,2024-09-09T14:44:17.499000Z,2024-09-11T14:30:09.036000Z,2024-09-09T14:44:55.850645Z,256,C10OZW7Z,1259,English,37,Female,White,United Kingdom,United Kingdom,United Kingdom,English,No,Full-Time
APPROVED,Not Applicable,2024-09-09T14:33:36.266000Z,2024-09-09T14:36:36.905000Z,2024-09-11T14:31:30.186000Z,2024-09-09T14:36:37.729113Z,181,C10OZW7Z,248,"Portuguese, English",38,Male,White,Portugal,Portugal,Portugal,Portuguese,DATA_EXPIRED,DATA_EXPIRED
APPROVED,Not Applicable,2024-09-09T14:38:49.298000Z,2024-09-09T14:41:23.853000Z,2024-09-11T14:29:55.833000Z,2024-09-09T14:41:43.387346Z,155,C10OZW7Z,32,English,24,Female,White,United Kingdom,United Kingdom,United Kingdom,English,No,Full-Time
APPROVED,Not Applicable,2024-09-09T14:40:20.853000Z,2024-09-09T14:41:09.227000Z,2024-09-11T14:32:13.814000Z,2024-09-09T14:41:32.956839Z,49,C10OZW7Z,2743,English,54,Male,White,United Kingdom,United Kingdom,United Kingdom,English,No,Full-Time
APPROVED,Not Applicable,2024-09-09T14:36:27.997000Z,2024-09-09T14:41:56.412000Z,2024-09-11T14:31:47.018000Z,2024-09-09T14:42:19.926725Z,329,C10OZW7Z,426,"English, Greek",42,Male,White,Greece,Greece,Greece,Greek,No,Full-Time
APPROVED,Not Applicable,2024-09-09T14:40:49.553000Z,2024-09-09T14:42:56.675000Z,2024-09-11T14:32:18.792000Z,2024-09-09T14:43:50.515345Z,128,C10OZW7Z,1493,English,30,Male,Other,United States,Mexico,United States,English,No,Full-Time
APPROVED,Not Applicable,2024-09-09T14:34:40.389000Z,2024-09-09T14:40:57.159000Z,2024-09-11T14:31:40.094000Z,2024-09-09T14:41:28.896373Z,377,C10OZW7Z,788,"English, Portuguese, Spanish",43,Male,White,Portugal,Portugal,Portugal,Portuguese,No,Full-Time
APPROVED,Not Applicable,2024-09-09T14:42:55.816000Z,2024-09-09T14:46:23.035000Z,2024-09-11T14:32:35.556000Z,2024-09-09T14:46:24.695793Z,208,C10OZW7Z,1727,English,27,Male,White,United Kingdom,United Kingdom,United Kingdom,English,No,Due to start a new job within the next month
APPROVED,Not Applicable,2024-09-09T14:40:30.308000Z,2024-09-09T14:44:57.500000Z,2024-09-11T14:32:16.521000Z,2024-09-09T14:45:14.921120Z,268,C10OZW7Z,671,"Dutch, English",24,Male,White,Netherlands,Netherlands,Netherlands,Dutch,No,Full-Time
APPROVED,Not Applicable,2024-09-09T14:36:50.155000Z,2024-09-09T14:38:46.780000Z,2024-09-11T14:31:51.175000Z,2024-09-09T14:40:51.005174Z,117,C10OZW7Z,1865,English,64,Male,White,United Kingdom,United Kingdom,United Kingdom,English,No,Part-Time
APPROVED,Not Applicable,2024-09-09T14:37:51.227000Z,2024-09-09T14:39:56.014000Z,2024-09-11T14:29:44.175000Z,2024-09-09T14:41:19.573972Z,125,C10OZW7Z,1209,English,40,Female,White,United Kingdom,United Kingdom,United Kingdom,English,No,Full-Time
APPROVED,Not Applicable,2024-09-09T14:36:36.181000Z,2024-09-09T14:39:54.975000Z,2024-09-11T14:31:50.204000Z,2024-09-09T14:41:09.496161Z,199,C10OZW7Z,965,"English, Punjabi",32,Male,Mixed,Canada,Canada,Canada,English,DATA_EXPIRED,Full-Time
APPROVED,Not Applicable,2024-09-09T14:34:54.834000Z,2024-09-09T14:36:07.349000Z,2024-09-11T14:29:04.078000Z,2024-09-09T14:36:09.264811Z,73,C10OZW7Z,898,English,57,Female,White,United Kingdom,United Kingdom,United Kingdom,English,No,"Not in paid work (e.g. homemaker', 'retired or disabled)"
APPROVED,Not Applicable,2024-09-09T14:47:10.074000Z,2024-09-09T14:47:46.631000Z,2024-09-11T14:30:10.240000Z,2024-09-09T14:47:47.513038Z,37,C10OZW7Z,690,English,26,Female,Black,Canada,Canada,Canada,English,No,Full-Time
APPROVED,Not Applicable,2024-09-09T14:34:54.157000Z,2024-09-09T14:39:52.226000Z,2024-09-11T14:31:41.698000Z,2024-09-09T14:41:07.883290Z,299,C10OZW7Z,816,English,47,Male,Asian,Pakistan,United Kingdom,United Kingdom,English,No,"Not in paid work (e.g. homemaker', 'retired or disabled)"
APPROVED,Not Applicable,2024-09-09T14:41:48.129000Z,2024-09-09T14:46:17.117000Z,2024-09-11T14:32:27.071000Z,2024-09-09T14:46:18.183849Z,269,C10OZW7Z,1802,English,30,Male,White,Canada,Canada,Canada,English,No,Part-Time
APPROVED,Not Applicable,2024-09-09T14:35:07.134000Z,2024-09-09T14:41:07.818000Z,2024-09-11T14:29:05.630000Z,2024-09-09T14:41:27.133862Z,361,C10OZW7Z,188,"Greek, English",23,Female,White,Greece,Greece,Greece,Greek,No,Full-Time
APPROVED,Not Applicable,2024-09-09T14:38:53.989000Z,2024-09-09T14:41:14.363000Z,2024-09-11T14:29:56.336000Z,2024-09-09T14:42:12.198591Z,141,C10OZW7Z,1039,English,32,Female,White,United States,United Kingdom,DATA_EXPIRED,English,DATA_EXPIRED,DATA_EXPIRED
APPROVED,Not Applicable,2024-09-09T14:31:20.892000Z,2024-09-09T14:31:55.186000Z,2024-09-11T14:31:25.366000Z,2024-09-09T14:33:40.012215Z,35,C10OZW7Z,172,"Polish, English",26,Male,White,Poland,Poland,Poland,Polish,No,Part-Time
APPROVED,Not Applicable,2024-09-09T14:36:08.249000Z,2024-09-09T14:39:43.597000Z,2024-09-11T14:31:47.340000Z,2024-09-09T14:41:04.043203Z,216,C10OZW7Z,383,"Dutch, English",22,Male,White,Netherlands,Netherlands,Netherlands,Dutch,Yes,Part-Time
APPROVED,Not Applicable,2024-09-09T14:38:38.550000Z,2024-09-09T14:42:09.700000Z,2024-09-11T14:29:54.290000Z,2024-09-09T14:42:26.687586Z,212,C10OZW7Z,3214,English,50,Female,White,United States,United States,United States,English,No,Full-Time
APPROVED,Not Applicable,2024-09-09T14:36:29.442000Z,2024-09-09T14:40:27.167000Z,2024-09-11T14:31:49.465000Z,2024-09-09T14:41:17.391716Z,238,C10OZW7Z,145,"Spanish, Portuguese, English",29,Male,White,Argentina,Portugal,Argentina,Spanish,No,Full-Time
APPROVED,Not Applicable,2024-09-09T14:34:25.391000Z,2024-09-09T14:37:12.207000Z,2024-09-11T14:29:01.610000Z,2024-09-09T14:37:27.596846Z,167,C10OZW7Z,1040,English,31,Female,White,United Kingdom,United Kingdom,United Kingdom,English,Yes,Full-Time
APPROVED,Not Applicable,2024-09-09T14:39:55.869000Z,2024-09-09T14:49:20.642000Z,2024-09-11T14:32:09.598000Z,2024-09-09T14:49:29.389953Z,565,C10OZW7Z,493,"Portuguese, English",24,Male,White,Portugal,Portugal,Portugal,Portuguese,Yes,Full-Time
APPROVED,Not Applicable,2024-09-09T14:49:51.105000Z,2024-09-09T14:53:07.326000Z,2024-09-11T14:32:38.700000Z,2024-09-09T14:55:56.076499Z,197,C10OZW7Z,1501,"Polish, English",37,Male,White,Poland,Poland,Poland,Polish,No,Full-Time
APPROVED,Not Applicable,2024-09-09T14:40:52.259000Z,2024-09-09T14:44:34.083000Z,2024-09-11T14:32:19.087000Z,2024-09-09T14:44:59.118858Z,222,C10OZW7Z,151,"English, Portuguese",22,Male,White,Portugal,Portugal,Portugal,Portuguese,Yes,Other
APPROVED,Not Applicable,2024-09-09T14:33:55.283000Z,2024-09-09T14:36:56.855000Z,2024-09-11T14:31:33.571000Z,2024-09-09T14:37:04.864361Z,182,C10OZW7Z,2261,"English, Spanish",27,Male,White,United States,United States,United States,Spanish,No,Full-Time
APPROVED,Not Applicable,2024-09-09T14:45:02.530000Z,2024-09-09T14:47:39.081000Z,2024-09-11T14:32:34.632000Z,2024-09-09T14:47:41.491555Z,157,C10OZW7Z,2161,English,62,Male,White,United Kingdom,United Kingdom,United Kingdom,English,No,Full-Time
APPROVED,Not Applicable,2024-09-09T14:32:18.990000Z,2024-09-09T14:34:54.078000Z,2024-09-11T14:31:26.100000Z,2024-09-09T14:34:55.606644Z,156,C10OZW7Z,72,"English, Polish",26,Male,White,Poland,Poland,Poland,Polish,Yes,Full-Time
APPROVED,Not Applicable,2024-09-09T14:39:10.586000Z,2024-09-09T14:43:05.978000Z,2024-09-11T14:29:58.655000Z,2024-09-09T14:44:03.005138Z,236,C10OZW7Z,470,English,34,Female,White,United Kingdom,United Kingdom,United Kingdom,English,DATA_EXPIRED,DATA_EXPIRED
APPROVED,Not Applicable,2024-09-09T14:31:45.297000Z,2024-09-09T14:35:41.225000Z,2024-09-11T14:31:25.787000Z,2024-09-09T14:35:42.685545Z,236,C10OZW7Z,314,English,22,Male,Black,South Africa,South Africa,South Africa,English,DATA_EXPIRED,DATA_EXPIRED
APPROVED,Not Applicable,2024-09-09T14:36:32.503000Z,2024-09-09T14:43:56.132000Z,2024-09-11T14:29:18.052000Z,2024-09-09T14:44:50.920352Z,444,C10OZW7Z,266,"Polish, English",22,Female,White,Poland,Poland,Poland,Polish,Yes,Other
APPROVED,Not Applicable,2024-09-09T14:34:53.249000Z,2024-09-09T14:39:15.776000Z,2024-09-11T14:29:02.933000Z,2024-09-09T14:40:58.831949Z,263,C10OZW7Z,450,English,54,Female,White,United States,United States,United States,English,No,Full-Time
APPROVED,Not Applicable,2024-09-09T14:40:37.464000Z,2024-09-09T14:44:03.897000Z,2024-09-11T14:32:16.886000Z,2024-09-09T14:44:51.354536Z,207,C10OZW7Z,223,"English, French",24,Male,White,France,France,France,English,Yes,Full-Time
APPROVED,Not Applicable,2024-09-09T14:39:00.160000Z,2024-09-09T14:51:09.591000Z,2024-09-11T14:29:57.359000Z,2024-09-09T14:54:05.865217Z,730,C10OZW7Z,262,English,37,Female,Black,South Africa,South Africa,South Africa,Other,No,Part-Time
APPROVED,Not Applicable,2024-09-09T14:35:27.706000Z,2024-09-09T14:44:06.765000Z,2024-09-11T14:29:09.435000Z,2024-09-09T14:44:52.345288Z,520,C10OZW7Z,2414,English,37,Female,White,United States,United States,United States,English,DATA_EXPIRED,DATA_EXPIRED
APPROVED,Not Applicable,2024-09-09T14:40:54.156000Z,2024-09-09T14:47:25.517000Z,2024-09-11T14:32:19.387000Z,2024-09-09T14:47:26.475795Z,392,C10OZW7Z,614,English,46,Male,White,United Kingdom,United Kingdom,United Kingdom,English,DATA_EXPIRED,DATA_EXPIRED
APPROVED,Not Applicable,2024-09-09T14:39:43.197000Z,2024-09-09T14:41:50.561000Z,2024-09-11T14:30:06.978000Z,2024-09-09T14:42:15.273050Z,128,C10OZW7Z,447,"Cantonese, English",21,Female,Asian,Canada,Canada,Canada,Chinese,Yes,Part-Time
APPROVED,Not Applicable,2024-09-09T14:34:33.221000Z,2024-09-09T14:37:49.773000Z,2024-09-11T14:29:02.133000Z,2024-09-09T14:40:37.362028Z,197,C10OZW7Z,455,English,47,Female,White,Australia,United Kingdom,United Kingdom,English,No,Full-Time
APPROVED,Not Applicable,2024-09-09T14:38:06.526000Z,2024-09-09T14:48:31.505000Z,2024-09-11T14:29:10.926000Z,2024-09-09T14:48:35.146078Z,625,C10OZW7Z,1043,English,26,Female,Black,Zimbabwe,South Africa,Zimbabwe,English,Yes,Full-Time
APPROVED,Not Applicable,2024-09-09T14:37:45.343000Z,2024-09-09T14:44:07.333000Z,2024-09-11T14:29:37.902000Z,2024-09-09T14:44:52.394161Z,382,C10OZW7Z,46,"German, Polish, English",23,Female,White,Poland,Poland,Poland,Polish,Yes,Unemployed (and job seeking)
APPROVED,Not Applicable,2024-09-09T14:36:36.962000Z,2024-09-09T14:41:08.234000Z,2024-09-11T14:29:12.270000Z,2024-09-09T14:41:28.389701Z,272,C10OZW7Z,90,English,39,Female,White,Canada,Canada,Canada,English,No,Full-Time
APPROVED,Not Applicable,2024-09-09T14:33:22.070000Z,2024-09-09T14:34:41.280000Z,2024-09-11T14:31:29.700000Z,2024-09-09T14:34:43.196284Z,80,C10OZW7Z,41,English,30,Male,Mixed,South Africa,South Africa,South Africa,English,No,Full-Time
APPROVED,Not Applicable,2024-09-09T14:37:13.514000Z,2024-09-09T14:39:51.486000Z,2024-09-11T14:31:54.477000Z,2024-09-09T14:41:07.486807Z,158,C10OZW7Z,934,English,35,Male,White,United Kingdom,United Kingdom,United Kingdom,English,No,Full-Time
APPROVED,Not Applicable,2024-09-09T14:40:14.633000Z,2024-09-09T14:43:48.419000Z,2024-09-11T14:32:14.422000Z,2024-09-09T14:44:49.902969Z,214,C10OZW7Z,781,"English, Urdu",57,Male,Asian,Pakistan,United Kingdom,United Kingdom,English,DATA_EXPIRED,DATA_EXPIRED
APPROVED,Not Applicable,2024-09-09T14:39:02.328000Z,2024-09-09T14:44:38.695000Z,2024-09-11T14:32:03.404000Z,2024-09-09T14:45:02.441534Z,337,C10OZW7Z,55,English,34,Male,White,United States,United Kingdom,United Kingdom,English,No,Full-Time
APPROVED,Not Applicable,2024-09-09T14:37:17.082000Z,2024-09-09T14:42:43.942000Z,2024-09-11T14:31:54.207000Z,2024-09-09T14:43:25.858900Z,327,C10OZW7Z,512,"Afrikaans, English",22,Male,Mixed,South Africa,South Africa,South Africa,English,Yes,Unemployed (and job seeking)
APPROVED,Not Applicable,2024-09-09T14:38:20.863000Z,2024-09-09T14:41:15.950000Z,2024-09-11T14:29:50.614000Z,2024-09-09T14:41:32.238987Z,176,C10OZW7Z,1431,"English, Romanian",40,Female,White,Romania,United Kingdom,Romania,Romanian,No,Full-Time
APPROVED,Not Applicable,2024-09-09T14:37:40.683000Z,2024-09-09T14:41:15.677000Z,2024-09-11T14:29:42.126000Z,2024-09-09T14:41:30.423633Z,215,C10OZW7Z,315,"English, Afrikaans",33,Female,White,South Africa,South Africa,South Africa,English,No,Full-Time
APPROVED,Not Applicable,2024-09-09T14:37:06.466000Z,2024-09-09T14:38:53.793000Z,2024-09-11T14:31:52.994000Z,2024-09-09T14:40:52.203375Z,108,C10OZW7Z,384,"Portuguese, English, Spanish",25,Male,Mixed,Portugal,Portugal,Portugal,Portuguese,No,Full-Time
APPROVED,Not Applicable,2024-09-09T14:38:42.734000Z,2024-09-09T14:47:20.903000Z,2024-09-11T14:31:56.005000Z,2024-09-09T14:47:21.781786Z,519,NOCODE,574,English,41,Male,Black,South Africa,South Africa,South Africa,English,No,Full-Time
APPROVED,Not Applicable,2024-09-09T14:33:14.479000Z,2024-09-09T14:47:41.212000Z,2024-09-11T14:31:29.293000Z,2024-09-09T14:47:42.372859Z,867,C10OZW7Z,285,"English, Greek",27,Male,White,Greece,Greece,Greece,Greek,DATA_EXPIRED,DATA_EXPIRED
APPROVED,Not Applicable,2024-09-09T14:38:17.807000Z,2024-09-09T14:48:35.121000Z,2024-09-11T14:29:47.979000Z,2024-09-09T14:48:35.702209Z,618,C10OZW7Z,175,English,32,Female,Black,South Africa,South Africa,South Africa,English,No,Full-Time
APPROVED,Not Applicable,2024-09-09T14:36:31.918000Z,2024-09-09T14:44:04.438000Z,2024-09-11T14:29:19.501000Z,2024-09-09T14:44:51.516350Z,453,C10OZW7Z,152,English,23,Female,White,Poland,Poland,Poland,Polish,Yes,Part-Time
APPROVED,Not Applicable,2024-09-09T14:37:14.870000Z,2024-09-09T14:38:14.117000Z,2024-09-11T14:31:53.318000Z,2024-09-09T14:41:28.329051Z,60,C10OZW7Z,5718,English,49,Male,White,United States,United States,United States,English,DATA_EXPIRED,Full-Time
APPROVED,Not Applicable,2024-09-09T14:36:31.554000Z,2024-09-09T14:41:13.704000Z,2024-09-11T14:29:17.601000Z,2024-09-09T14:41:36.762732Z,283,C10OZW7Z,247,English,32,Female,Black,South Africa,South Africa,South Africa,English,Yes,Full-Time
APPROVED,Not Applicable,2024-09-09T14:36:45.116000Z,2024-09-09T14:38:43.671000Z,2024-09-11T14:29:21.722000Z,2024-09-09T14:40:50.384443Z,119,C10OZW7Z,123,English,24,Female,Black,South Africa,South Africa,South Africa,DATA_EXPIRED,DATA_EXPIRED,Full-Time
APPROVED,Not Applicable,2024-09-09T14:34:50.968000Z,2024-09-09T14:42:13.657000Z,2024-09-11T14:29:04.469000Z,2024-09-09T14:42:29.353984Z,443,C10OZW7Z,97,English,26,Female,Black,South Africa,South Africa,South Africa,English,Yes,Unemployed (and job seeking)
APPROVED,Not Applicable,2024-09-09T14:33:46.130000Z,2024-09-09T14:38:20.609000Z,2024-09-11T14:31:33.123000Z,2024-09-09T15:12:26.976159Z,275,C10OZW7Z,365,English,23,Male,Black,South Africa,South Africa,South Africa,English,Yes,Unemployed (and job seeking)
APPROVED,Not Applicable,2024-09-09T14:36:47.399000Z,2024-09-09T14:43:24.671000Z,2024-09-11T14:29:22.103000Z,2024-09-10T09:19:10.096822Z,398,C10OZW7Z,138,English,32,Female,Black,South Africa,South Africa,South Africa,English,Yes,Full-Time
APPROVED,Not Applicable,2024-09-09T14:38:43.371000Z,2024-09-09T14:45:02.920000Z,2024-09-11T14:29:36.744000Z,2024-09-09T14:45:17.962599Z,380,C10OZW7Z,464,English,39,Female,Black,Zimbabwe,South Africa,Zimbabwe,English,No,Full-Time
APPROVED,Not Applicable,2024-09-09T14:34:55.854000Z,2024-09-09T14:41:08.362000Z,2024-09-11T14:29:03.747000Z,2024-09-09T14:41:27.513407Z,373,C10OZW7Z,237,"English, Other",27,Female,Black,South Africa,South Africa,South Africa,English,Yes,Full-Time
APPROVED,Not Applicable,2024-09-09T14:38:26.259000Z,2024-09-09T14:40:49.043000Z,2024-09-11T14:29:51.151000Z,2024-09-09T14:41:26.485111Z,143,C10OZW7Z,499,English,39,Female,White,Ireland,Ireland,Ireland,English,No,Full-Time
APPROVED,Not Applicable,2024-09-09T14:37:34.211000Z,2024-09-09T14:40:09.292000Z,2024-09-11T14:29:18.489000Z,2024-09-09T14:41:14.867430Z,156,C10OZW7Z,118,English,56,Female,Black,South Africa,South Africa,South Africa,English,No,Unemployed (and job seeking)
APPROVED,Not Applicable,2024-09-09T14:32:57.705000Z,2024-09-09T14:37:23.735000Z,2024-09-11T14:31:27.695000Z,2024-09-09T14:40:21.266925Z,267,C10OZW7Z,164,English,25,Male,Black,South Africa,South Africa,South Africa,English,DATA_EXPIRED,DATA_EXPIRED
APPROVED,Not Applicable,2024-09-09T14:35:19.415000Z,2024-09-09T14:41:34.780000Z,2024-09-11T14:29:08.634000Z,2024-09-09T14:41:52.481380Z,376,C10OZW7Z,314,English,23,Female,Black,South Africa,South Africa,South Africa,English,No,Full-Time
APPROVED,Not Applicable,2024-09-09T14:38:43.302000Z,2024-09-09T14:41:16.107000Z,2024-09-11T14:29:54.547000Z,2024-09-09T14:41:29.782015Z,153,C10OZW7Z,452,English,61,Female,Other,United States,United States,United States,English,No,Full-Time
APPROVED,Not Applicable,2024-09-09T14:40:56.367000Z,2024-09-09T14:44:45.383000Z,2024-09-11T14:30:09.462000Z,2024-09-09T18:13:39.061965Z,230,C10OZW7Z,81,English,23,Female,White,Canada,Canada,Canada,English,Yes,Unemployed (and job seeking)
APPROVED,Not Applicable,2024-09-09T14:39:46.525000Z,2024-09-09T14:42:39.397000Z,2024-09-11T14:30:04.540000Z,2024-09-09T14:43:21.174108Z,173,C10OZW7Z,525,"Afrikaans, English, German",48,Female,White,South Africa,South Africa,South Africa,Afrikaans,No,Full-Time
APPROVED,Not Applicable,2024-09-09T14:36:23.058000Z,2024-09-09T14:39:09.044000Z,2024-09-11T14:29:14.441000Z,2024-09-09T14:40:56.354106Z,166,C10OZW7Z,1009,"English, Ukrainian",30,Female,White,Canada,Canada,Canada,English,No,Full-Time
APPROVED,Not Applicable,2024-09-09T14:41:14.022000Z,2024-09-09T14:45:01.612000Z,2024-09-11T14:32:23.152000Z,2024-09-09T14:45:16.899517Z,228,C10OZW7Z,451,English,44,Male,White,United Kingdom,United Kingdom,United Kingdom,English,No,Full-Time
APPROVED,Not Applicable,2024-09-09T14:42:14.584000Z,2024-09-09T14:49:50.214000Z,2024-09-11T14:32:28.179000Z,2024-09-09T14:49:52.511289Z,456,C10OZW7Z,1194,"English, French, Arabic",39,Male,White,Canada,Canada,Canada,English,No,Full-Time
APPROVED,Not Applicable,2024-09-09T14:38:41.404000Z,2024-09-09T14:39:07.449000Z,2024-09-11T14:29:53.502000Z,2024-09-09T14:40:56.606610Z,27,C10OZW7Z,196,English,26,Female,White,Canada,Canada,Canada,English,No,Full-Time
APPROVED,Not Applicable,2024-09-09T14:35:22.071000Z,2024-09-09T14:40:59.423000Z,2024-09-11T14:29:07.885000Z,2024-09-09T14:41:26.279560Z,338,C10OZW7Z,165,English,24,Female,Black,South Africa,South Africa,South Africa,English,DATA_EXPIRED,DATA_EXPIRED
APPROVED,Not Applicable,2024-09-09T14:40:01.394000Z,2024-09-09T14:47:16.679000Z,2024-09-11T14:32:09.296000Z,2024-09-09T14:47:17.437174Z,436,C10OZW7Z,190,"Portuguese, English",37,Male,White,Portugal,Portugal,Portugal,Portuguese,No,DATA_EXPIRED
APPROVED,Not Applicable,2024-09-09T14:37:38.802000Z,2024-09-09T14:43:43.736000Z,2024-09-11T14:29:39.592000Z,2024-09-09T14:44:48.718114Z,365,C10OZW7Z,133,"English, Other",30,Female,Black,South Africa,South Africa,South Africa,English,No,DATA_EXPIRED
APPROVED,Not Applicable,2024-09-09T14:37:41.161000Z,2024-09-09T14:48:11.457000Z,2024-09-11T14:29:41.263000Z,2024-09-09T14:48:12.175479Z,631,C10OZW7Z,213,English,42,Female,Black,South Africa,South Africa,South Africa,Other,No,Full-Time
APPROVED,Not Applicable,2024-09-09T14:37:07.979000Z,2024-09-09T14:50:02.323000Z,2024-09-11T14:29:12.995000Z,2024-09-09T14:50:03.119522Z,775,C10OZW7Z,188,English,26,Female,Black,South Africa,South Africa,South Africa,English,No,Part-Time
APPROVED,Not Applicable,2024-09-09T14:36:46.474000Z,2024-09-09T14:39:48.468000Z,2024-09-11T14:29:22.518000Z,2024-09-09T14:41:06.402571Z,182,C10OZW7Z,194,English,25,Female,White,Canada,Canada,Canada,English,No,Full-Time
APPROVED,Not Applicable,2024-09-09T14:37:35.134000Z,2024-09-09T14:41:05.651000Z,2024-09-11T14:31:45.995000Z,2024-09-09T14:42:13.466089Z,211,C10OZW7Z,1014,English,27,Male,Black,Zimbabwe,South Africa,Zimbabwe,English,Yes,Part-Time
APPROVED,Not Applicable,2024-09-09T14:38:40.103000Z,2024-09-09T14:40:52.329000Z,2024-09-11T14:29:54.034000Z,2024-09-09T14:41:23.154643Z,133,C10OZW7Z,360,English,29,Female,Black,South Africa,South Africa,South Africa,English,No,Full-Time
APPROVED,Not Applicable,2024-09-09T14:43:52.377000Z,2024-09-09T14:47:36.498000Z,2024-09-11T14:32:36.979000Z,2024-09-09T14:47:37.672193Z,225,C10OZW7Z,922,English,43,Male,White,Canada,Canada,Canada,English,No,Full-Time
APPROVED,Not Applicable,2024-09-09T14:44:15.663000Z,2024-09-09T14:45:51.199000Z,2024-09-11T14:32:37.270000Z,2024-09-09T14:45:53.865872Z,96,C10OZW7Z,327,English,42,Male,Black,South Africa,South Africa,South Africa,English,No,Full-Time
APPROVED,Not Applicable,2024-09-09T14:39:03.522000Z,2024-09-09T14:43:39.375000Z,2024-09-11T14:29:59.398000Z,2024-09-09T14:44:47.697036Z,276,C10OZW7Z,1021,English,31,Female,White,United Kingdom,United Kingdom,United Kingdom,English,No,Part-Time
APPROVED,Not Applicable,2024-09-09T14:35:22.273000Z,2024-09-09T14:43:02.893000Z,2024-09-11T14:29:06.694000Z,2024-09-09T14:44:02.664875Z,461,C10OZW7Z,574,English,24,Female,Black,South Africa,South Africa,South Africa,English,No,Part-Time
APPROVED,Not Applicable,2024-09-09T14:36:49.406000Z,2024-09-09T14:49:27.716000Z,2024-09-11T14:29:19.149000Z,2024-09-09T14:49:33.292950Z,759,C10OZW7Z,610,English,27,Female,Black,South Africa,South Africa,South Africa,English,Yes,Full-Time
APPROVED,Not Applicable,2024-09-09T14:36:38.177000Z,2024-09-09T14:39:08.660000Z,2024-09-11T14:29:04.829000Z,2024-09-09T14:40:56.440240Z,151,C10OZW7Z,167,English,28,Female,Black,South Africa,South Africa,South Africa,English,DATA_EXPIRED,DATA_EXPIRED
APPROVED,Not Applicable,2024-09-09T14:38:19.428000Z,2024-09-09T14:57:05.664000Z,2024-09-11T14:29:11.586000Z,2024-09-09T14:57:24.250726Z,1127,C10OZW7Z,44,"English, Other",21,Female,Black,South Africa,South Africa,South Africa,English,No,Full-Time
APPROVED,Not Applicable,2024-09-09T14:38:45.596000Z,2024-09-09T14:40:27.275000Z,2024-09-11T14:29:56.086000Z,2024-09-09T14:41:17.435231Z,102,C10OZW7Z,274,English,23,Female,Black,South Africa,South Africa,South Africa,English,Yes,Part-Time
APPROVED,Not Applicable,2024-09-09T14:38:30.950000Z,2024-09-09T14:41:13.880000Z,2024-09-11T14:29:52.397000Z,2024-09-09T14:41:28.958771Z,163,C10OZW7Z,1520,English,42,Female,White,United Kingdom,United Kingdom,United Kingdom,English,DATA_EXPIRED,Full-Time
APPROVED,Not Applicable,2024-09-09T14:39:34.813000Z,2024-09-09T14:46:41.331000Z,2024-09-11T14:29:11.913000Z,2024-09-09T14:46:41.958350Z,427,C10OZW7Z,28,English,23,Female,Black,South Africa,South Africa,South Africa,English,Yes,Unemployed (and job seeking)
APPROVED,Not Applicable,2024-09-09T14:40:49.541000Z,2024-09-09T14:53:09.715000Z,2024-09-11T14:30:07.769000Z,2024-09-09T14:55:59.278290Z,741,C10OZW7Z,391,"Afrikaans, Afrikaans, English",24,Female,Black,South Africa,South Africa,South Africa,English,Yes,Full-Time
APPROVED,Not Applicable,2024-09-09T14:39:22.823000Z,2024-09-09T14:55:10.026000Z,2024-09-11T14:30:02.382000Z,2024-09-09T14:57:14.634167Z,948,C10OZW7Z,322,English,30,Female,Black,South Africa,South Africa,South Africa,English,No,Full-Time
APPROVED,Not Applicable,2024-09-09T14:34:46.345000Z,2024-09-09T14:39:06.905000Z,2024-09-11T14:31:39.675000Z,2024-09-09T14:40:55.414947Z,261,C10OZW7Z,238,English,23,Male,Black,South Africa,South Africa,South Africa,English,Yes,Part-Time
APPROVED,Not Applicable,2024-09-09T14:50:14.266000Z,2024-09-09T14:54:15.509000Z,2024-09-11T14:30:11.010000Z,2024-09-09T21:09:54.359179Z,242,C10OZW7Z,51,English,24,Female,Black,South Africa,South Africa,South Africa,English,No,Full-Time
APPROVED,Not Applicable,2024-09-09T14:37:41.795000Z,2024-09-09T14:44:19.545000Z,2024-09-11T14:29:36.379000Z,2024-09-09T14:44:56.294687Z,398,C10OZW7Z,575,English,30,Female,Black,South Africa,South Africa,South Africa,English,No,Full-Time
APPROVED,Not Applicable,2024-09-09T14:32:38.681000Z,2024-09-09T14:41:20.844000Z,2024-09-11T14:31:26.842000Z,2024-09-09T14:41:36.763417Z,523,C10OZW7Z,284,English,24,Male,Black,South Africa,South Africa,South Africa,English,No,Part-Time
APPROVED,Not Applicable,2024-09-09T14:38:39.945000Z,2024-09-09T14:40:02.393000Z,2024-09-11T14:31:58.113000Z,2024-09-09T14:41:09.970089Z,83,C10OZW7Z,122,"English, Other",30,Male,Black,South Africa,South Africa,South Africa,English,DATA_EXPIRED,DATA_EXPIRED
APPROVED,Not Applicable,2024-09-09T14:40:09.506000Z,2024-09-09T14:50:50.338000Z,2024-09-11T14:30:05.678000Z,2024-09-09T14:53:36.352336Z,641,C10OZW7Z,309,English,30,Female,Other,South Africa,South Africa,South Africa,English,Yes,Unemployed (and job seeking)
APPROVED,Not Applicable,2024-09-09T14:40:09.162000Z,2024-09-09T14:44:42.183000Z,2024-09-11T14:32:09.863000Z,2024-09-09T14:45:05.039406Z,274,C10OZW7Z,416,English,24,Male,Other,Mexico,Mexico,Mexico,Spanish,Yes,Full-Time
APPROVED,Not Applicable,2024-09-09T14:36:56.552000Z,2024-09-09T14:39:18.681000Z,2024-09-11T14:29:23.974000Z,2024-09-09T14:41:00.147164Z,143,C10OZW7Z,302,English,40,Female,Black,South Africa,South Africa,South Africa,English,No,Full-Time
APPROVED,Not Applicable,2024-09-09T14:41:52.608000Z,2024-09-09T15:00:51.557000Z,2024-09-11T14:32:28.467000Z,2024-09-10T05:12:24.985483Z,1139,C10OZW7Z,413,English,45,Male,White,United Kingdom,United Kingdom,United Kingdom,English,No,Full-Time
APPROVED,Not Applicable,2024-09-09T14:36:18.226000Z,2024-09-09T14:43:16.623000Z,2024-09-11T14:29:13.332000Z,2024-09-09T14:44:34.242176Z,419,C10OZW7Z,78,"English, Afrikaans",26,Female,Black,South Africa,South Africa,South Africa,English,No,Full-Time
APPROVED,Not Applicable,2024-09-09T14:35:37.133000Z,2024-09-09T14:42:32.847000Z,2024-09-11T14:29:09.042000Z,2024-09-09T14:43:15.407521Z,416,C10OZW7Z,360,"Afrikaans, English",28,Female,Black,South Africa,South Africa,South Africa,English,No,DATA_EXPIRED
APPROVED,Not Applicable,2024-09-09T14:34:59.456000Z,2024-09-09T14:40:06.325000Z,2024-09-11T14:29:05.273000Z,2024-09-09T14:41:12.247227Z,307,C10OZW7Z,219,English,28,Female,Black,South Africa,South Africa,South Africa,English,No,Full-Time
APPROVED,Not Applicable,2024-09-09T14:41:05.565000Z,2024-09-09T14:44:02.992000Z,2024-09-11T14:32:22.089000Z,2024-09-09T14:44:51.434558Z,178,C10OZW7Z,2070,English,43,Male,Mixed,United Kingdom,United Kingdom,United Kingdom,English,No,Full-Time
APPROVED,Not Applicable,2024-09-09T14:40:51.398000Z,2024-09-09T14:46:43.360000Z,2024-09-11T14:32:18.244000Z,2024-09-10T17:07:31.474656Z,352,C10OZW7Z,29,English,28,Male,Black,South Africa,South Africa,South Africa,English,No,Full-Time
APPROVED,Not Applicable,2024-09-09T14:38:43.920000Z,2024-09-09T14:46:04.408000Z,2024-09-11T14:29:53.220000Z,2024-09-09T14:46:05.349689Z,441,C10OZW7Z,53,English,24,Female,Black,South Africa,South Africa,South Africa,English,No,Full-Time
APPROVED,Not Applicable,2024-09-09T14:39:05.065000Z,2024-09-09T14:45:40.302000Z,2024-09-11T14:29:59.156000Z,2024-09-09T14:45:41.431586Z,396,C10OZW7Z,414,English,24,Female,Black,South Africa,South Africa,South Africa,English,Yes,Part-Time
APPROVED,Not Applicable,2024-09-09T14:39:07.756000Z,2024-09-09T14:44:33.585000Z,2024-09-11T14:29:59.639000Z,2024-09-09T14:44:59.669159Z,326,C10OZW7Z,221,English,29,Female,Black,South Africa,South Africa,South Africa,English,No,Unemployed (and job seeking)
APPROVED,Not Applicable,2024-09-09T14:35:52.398000Z,2024-09-09T14:42:46.884000Z,2024-09-11T14:29:11.277000Z,2024-09-09T14:43:33.890154Z,415,C10OZW7Z,269,English,23,Female,Black,Zimbabwe,South Africa,Zimbabwe,English,Yes,Unemployed (and job seeking)
APPROVED,Not Applicable,2024-09-09T14:35:12.453000Z,2024-09-09T14:37:50.100000Z,2024-09-11T14:29:06.357000Z,2024-09-09T14:40:37.216616Z,158,C10OZW7Z,19,"English, Other",28,Female,Black,South Africa,South Africa,South Africa,English,Yes,Full-Time
APPROVED,Not Applicable,2024-09-09T14:39:50.307000Z,2024-09-09T14:46:36.840000Z,2024-09-11T14:30:06.201000Z,2024-09-09T17:34:16.458039Z,407,C10OZW7Z,253,English,26,Female,Black,South Africa,South Africa,South Africa,English,No,Full-Time
APPROVED,Not Applicable,2024-09-09T14:40:07.163000Z,2024-09-09T14:46:20.365000Z,2024-09-11T14:32:10.457000Z,2024-09-09T14:46:22.071493Z,374,C10OZW7Z,185,English,57,Male,White,United Kingdom,United Kingdom,United Kingdom,English,No,"Not in paid work (e.g. homemaker', 'retired or disabled)"
APPROVED,Not Applicable,2024-09-09T14:36:48.671000Z,2024-09-09T14:41:36.244000Z,2024-09-11T14:31:50.848000Z,2024-09-09T14:41:54.025003Z,288,C10OZW7Z,1256,English,28,Male,Other,United States,United States,United States,Spanish,No,"Not in paid work (e.g. homemaker', 'retired or disabled)"
APPROVED,Not Applicable,2024-09-09T14:42:18.011000Z,2024-09-09T14:44:12.983000Z,2024-09-11T14:32:29.425000Z,2024-09-09T14:44:53.669265Z,115,C10OZW7Z,1220,English,27,Male,White,United Kingdom,United Kingdom,United Kingdom,English,No,Unemployed (and job seeking)
APPROVED,Not Applicable,2024-09-09T14:37:30.998000Z,2024-09-09T14:44:19.795000Z,2024-09-11T14:31:57.086000Z,2024-09-09T14:44:57.322550Z,409,C10OZW7Z,1551,English,43,Male,White,United Kingdom,United Kingdom,United Kingdom,English,No,Full-Time
APPROVED,Not Applicable,2024-09-09T14:37:38.905000Z,2024-09-09T14:40:48.990000Z,2024-09-11T14:31:47.617000Z,2024-09-09T14:41:24.711740Z,191,C10OZW7Z,156,English,25,Male,White,United States,United States,United States,English,No,Unemployed (and job seeking)
APPROVED,Not Applicable,2024-09-09T14:39:26.057000Z,2024-09-09T14:43:28.322000Z,2024-09-11T14:30:02.914000Z,2024-09-09T14:44:39.580884Z,243,C10OZW7Z,506,English,34,Female,Black,Nigeria,United Kingdom,Nigeria,English,Yes,Full-Time
APPROVED,Not Applicable,2024-09-09T14:40:16.163000Z,2024-09-09T14:45:11.796000Z,2024-09-11T14:32:14.727000Z,2024-09-09T14:45:22.877191Z,296,C10OZW7Z,20,"German, English",20,Male,White,Croatia,Germany,Croatia,Croatian,Yes,Other
APPROVED,Not Applicable,2024-09-09T14:40:04.971000Z,2024-09-09T14:42:23.473000Z,2024-09-11T14:32:11.337000Z,2024-09-09T14:42:32.353872Z,139,C10OZW7Z,3832,English,35,Male,White,United States,United States,United States,English,No,Full-Time
APPROVED,Not Applicable,2024-09-09T14:40:31.069000Z,2024-09-09T14:41:24.474000Z,2024-09-11T14:32:06.319000Z,2024-09-09T14:41:41.304148Z,54,C10OZW7Z,547,"English, Dutch",37,Male,Black,Canada,Canada,Canada,English,No,Full-Time
APPROVED,Not Applicable,2024-09-09T14:39:55.816000Z,2024-09-09T14:42:50.019000Z,2024-09-11T14:32:07.451000Z,2024-09-09T14:43:39.042654Z,175,C10OZW7Z,1556,English,50,Male,White,United Kingdom,United Kingdom,United Kingdom,English,DATA_EXPIRED,DATA_EXPIRED
APPROVED,Not Applicable,2024-09-09T14:39:10.211000Z,2024-09-09T14:42:17.119000Z,2024-09-11T14:32:05.739000Z,2024-09-09T14:42:30.340939Z,187,C10OZW7Z,699,English,55,Male,White,United States,United States,United States,English,DATA_EXPIRED,DATA_EXPIRED
APPROVED,Not Applicable,2024-09-09T15:15:19.786000Z,2024-09-09T15:18:34.628000Z,2024-09-11T14:32:39.467000Z,2024-09-09T15:20:50.457956Z,195,C10OZW7Z,1385,English,53,Male,White,United Kingdom,United Kingdom,United Kingdom,English,No,Full-Time
APPROVED,Not Applicable,2024-09-09T14:41:19.914000Z,2024-09-09T14:46:08.674000Z,2024-09-11T14:32:23.467000Z,2024-09-09T14:46:09.887466Z,289,C10OZW7Z,454,English,51,Male,White,United Kingdom,United Kingdom,United Kingdom,English,No,"Not in paid work (e.g. homemaker', 'retired or disabled)"
APPROVED,Not Applicable,2024-09-09T14:42:48.992000Z,2024-09-09T14:47:42.240000Z,2024-09-11T14:32:33.458000Z,2024-09-09T14:47:43.081088Z,294,C10OZW7Z,1266,English,57,Male,White,United Kingdom,United Kingdom,United Kingdom,English,DATA_EXPIRED,DATA_EXPIRED
APPROVED,Not Applicable,2024-09-09T14:34:47.237000Z,2024-09-09T14:38:34.547000Z,2024-09-11T14:29:03.341000Z,2024-09-09T14:40:48.559171Z,228,C10OZW7Z,903,English,38,Female,White,Germany,United Kingdom,United Kingdom,English,DATA_EXPIRED,DATA_EXPIRED
APPROVED,Not Applicable,2024-09-09T14:33:49.468000Z,2024-09-09T14:35:57.645000Z,2024-09-11T14:31:31.517000Z,2024-09-09T14:36:00.662658Z,129,C10OZW7Z,279,English,42,Male,White,United Kingdom,United Kingdom,United Kingdom,English,No,Full-Time
APPROVED,Not Applicable,2024-09-09T14:37:23.678000Z,2024-09-09T14:40:43.088000Z,2024-09-11T14:29:35.290000Z,2024-09-09T14:41:27.227784Z,200,C10OZW7Z,770,English,55,Female,White,United Kingdom,United Kingdom,United Kingdom,English,No,Full-Time
APPROVED,Not Applicable,2024-09-09T14:37:23.278000Z,2024-09-09T14:45:38.976000Z,2024-09-11T14:31:56.292000Z,2024-09-09T14:45:39.953700Z,496,C10OZW7Z,482,English,49,Male,Asian,Vietnam,United Kingdom,United Kingdom,Chinese,No,Full-Time
APPROVED,Not Applicable,2024-09-09T14:41:21.577000Z,2024-09-09T14:44:49.808000Z,2024-09-11T14:32:24.410000Z,2024-09-09T14:45:10.449440Z,209,C10OZW7Z,381,English,65,Male,White,Canada,Canada,Canada,English,No,Part-Time
APPROVED,Not Applicable,2024-09-09T14:37:39.640000Z,2024-09-09T14:42:36.216000Z,2024-09-11T14:29:40.875000Z,2024-09-09T14:43:16.216752Z,297,C10OZW7Z,428,English,69,Female,White,United States,United States,United States,English,DATA_EXPIRED,DATA_EXPIRED
APPROVED,Not Applicable,2024-09-09T14:39:26.085000Z,2024-09-09T14:41:24.714000Z,2024-09-11T14:29:57.103000Z,2024-09-09T14:41:37.935811Z,119,C10OZW7Z,6,English,35,Female,Black,Congo,South Africa,South Africa,English,No,DATA_EXPIRED
APPROVED,Not Applicable,2024-09-09T14:34:20.044000Z,2024-09-09T14:38:16.478000Z,2024-09-11T14:31:38.389000Z,2024-09-09T14:40:45.589993Z,237,C10OZW7Z,7,English,24,Male,Black,South Africa,South Africa,South Africa,English,Yes,Other
APPROVED,Not Applicable,2024-09-09T14:41:16.728000Z,2024-09-09T14:50:20.891000Z,2024-09-11T14:32:22.474000Z,2024-09-09T14:53:12.718845Z,545,C10OZW7Z,5,English,30,Male,Black,South Africa,South Africa,South Africa,English,No,Other
APPROVED,Not Applicable,2024-09-09T14:39:33.065000Z,2024-09-09T14:49:06.782000Z,2024-09-11T14:29:46.730000Z,2024-09-09T14:49:08.576572Z,574,C10OZW7Z,49,English,24,Female,Black,South Africa,South Africa,South Africa,Other,Yes,Unemployed (and job seeking)
APPROVED,Not Applicable,2024-09-09T14:40:13.730000Z,2024-09-09T14:41:10.129000Z,2024-09-11T14:30:07.509000Z,2024-09-09T14:41:27.849063Z,57,C10OZW7Z,203,English,55,Female,White,Cyprus,Ireland,Ireland,English,No,Full-Time
APPROVED,Not Applicable,2024-09-09T14:42:38.545000Z,2024-09-09T14:52:17.678000Z,2024-09-11T14:32:32.552000Z,2024-09-09T14:54:54.146171Z,580,C10OZW7Z,415,"English, Punjabi, Urdu",58,Male,Asian,Pakistan,Canada,Canada,Urdu,No,Part-Time
APPROVED,Not Applicable,2024-09-09T14:37:58.763000Z,2024-09-09T14:54:09.944000Z,2024-09-11T14:29:35.655000Z,2024-09-09T14:56:59.144317Z,972,C10OZW7Z,18,English,38,Female,Black,Zimbabwe,South Africa,Zimbabwe,English,No,Full-Time
APPROVED,Not Applicable,2024-09-09T14:37:07.066000Z,2024-09-09T14:41:17.961000Z,2024-09-11T14:29:27.115000Z,2024-09-09T14:41:32.402254Z,251,C10OZW7Z,416,English,35,Female,White,United States,United States,United States,English,No,Part-Time
APPROVED,Not Applicable,2024-09-09T14:38:27.909000Z,2024-09-09T14:38:49.366000Z,2024-09-11T14:32:02.057000Z,2024-09-09T14:40:52.133933Z,22,C10OZW7Z,283,"German, English, Indonesian",40,Male,Asian,Indonesia,Germany,Indonesia,Indonesian,Yes,Full-Time
APPROVED,Not Applicable,2024-09-09T14:36:58.110000Z,2024-09-09T14:45:34.239000Z,2024-09-11T14:29:26.033000Z,2024-09-09T14:45:36.397622Z,517,C10OZW7Z,53,English,21,Female,Mixed,South Africa,South Africa,South Africa,English,Yes,Unemployed (and job seeking)
APPROVED,Not Applicable,2024-09-09T14:43:04.266000Z,2024-09-09T14:53:19.926000Z,2024-09-11T14:32:33.163000Z,2024-09-10T05:45:33.536848Z,616,C10OZW7Z,104,English,33,Male,Black,South Africa,South Africa,South Africa,English,Yes,Full-Time
APPROVED,Not Applicable,2024-09-09T14:37:42.957000Z,2024-09-09T14:43:38.877000Z,2024-09-11T14:31:55.705000Z,2024-09-09T14:44:47.605961Z,356,C10OZW7Z,156,"English, Portuguese",37,Male,White,Portugal,Portugal,Portugal,Portuguese,No,Full-Time
APPROVED,Not Applicable,2024-09-09T14:38:18.057000Z,2024-09-09T14:44:11.043000Z,2024-09-11T14:32:01.098000Z,2024-09-09T14:44:52.848207Z,353,C10OZW7Z,15,"English, Afrikaans",39,Male,Mixed,South Africa,South Africa,South Africa,Afrikaans,No,Full-Time
APPROVED,Not Applicable,2024-09-09T14:35:21.341000Z,2024-09-09T14:39:55.781000Z,2024-09-11T14:29:07.507000Z,2024-09-09T14:41:08.944381Z,275,C10OZW7Z,215,English,58,Female,White,United Kingdom,United Kingdom,United Kingdom,English,No,Full-Time
APPROVED,Not Applicable,2024-09-09T14:34:23.181000Z,2024-09-09T14:39:05.443000Z,2024-09-11T14:31:37.440000Z,2024-09-09T14:40:55.250213Z,283,C10OZW7Z,356,English,41,Male,Asian,Canada,Canada,Canada,English,DATA_EXPIRED,DATA_EXPIRED
APPROVED,Not Applicable,2024-09-09T14:37:55.712000Z,2024-09-09T14:42:52.411000Z,2024-09-11T14:29:10.150000Z,2024-09-09T14:43:44.753158Z,297,C10OZW7Z,161,English,31,Female,White,Canada,Canada,Canada,English,Yes,DATA_EXPIRED
APPROVED,Not Applicable,2024-09-09T14:33:21.178000Z,2024-09-09T14:37:30.758000Z,2024-09-11T14:31:28.883000Z,2024-09-09T14:40:27.237135Z,250,C10OZW7Z,437,English,41,Male,White,Canada,Canada,Canada,English,No,Full-Time
APPROVED,Not Applicable,2024-09-09T14:34:14.868000Z,2024-09-09T14:37:48.544000Z,2024-09-11T14:31:37.013000Z,2024-09-09T14:40:37.342977Z,214,C10OZW7Z,178,English,47,Male,White,South Africa,South Africa,United Kingdom,English,No,Other
APPROVED,Not Applicable,2024-09-09T14:42:31.963000Z,2024-09-09T14:56:17.226000Z,2024-09-11T14:32:30.763000Z,2024-09-09T14:57:21.686582Z,826,C10OZW7Z,361,English,46,Male,White,Canada,Canada,Canada,English,No,Part-Time
APPROVED,Not Applicable,2024-09-09T14:40:55.460000Z,2024-09-09T14:46:29.029000Z,2024-09-11T14:32:20.887000Z,2024-09-09T14:46:30.680406Z,334,C10OZW7Z,441,"English, Punjabi",33,Male,Other,Canada,Canada,Canada,English,No,Full-Time
APPROVED,Not Applicable,2024-09-09T14:41:11.601000Z,2024-09-09T14:45:35.718000Z,2024-09-11T14:32:21.551000Z,2024-09-09T14:45:36.439120Z,265,C10OZW7Z,72,English,42,Male,White,Turkey,Germany,Germany,English,No,Full-Time
APPROVED,Not Applicable,2024-09-09T14:38:31.563000Z,2024-09-09T14:44:04.440000Z,2024-09-11T14:29:52.031000Z,2024-09-09T14:44:51.577599Z,333,C10OZW7Z,155,English,34,Female,Asian,India,Netherlands,India,English,No,Full-Time
APPROVED,Not Applicable,2024-09-09T14:39:08.911000Z,2024-09-09T14:49:08.272000Z,2024-09-11T14:32:03.052000Z,2024-09-09T14:49:11.266720Z,600,C10OZW7Z,0,English,27,Male,Black,South Africa,South Africa,South Africa,English,No,Unemployed (and job seeking)
APPROVED,Not Applicable,2024-09-09T14:40:27.626000Z,2024-09-09T14:43:48.901000Z,2024-09-11T14:32:15.056000Z,2024-09-09T14:44:51.244992Z,202,C10OZW7Z,56,English,40,Male,Asian,United Kingdom,United Kingdom,United Kingdom,English,No,Full-Time
APPROVED,Not Applicable,2024-09-09T14:52:17.618000Z,2024-09-09T14:55:12.682000Z,2024-09-11T14:30:10.498000Z,2024-09-09T14:57:14.798726Z,176,C10OZW7Z,98,English,23,Female,Mixed,South Africa,South Africa,South Africa,English,Yes,Full-Time
APPROVED,Not Applicable,2024-09-09T14:37:18.532000Z,2024-09-09T14:48:27.556000Z,2024-09-11T14:29:30.809000Z,2024-09-09T14:48:28.231580Z,670,C10OZW7Z,10,English,32,Female,Black,Nigeria,Germany,Nigeria,English,No,"Not in paid work (e.g. homemaker', 'retired or disabled)"
APPROVED,Not Applicable,2024-09-09T14:35:53.104000Z,2024-09-09T14:42:09.430000Z,2024-09-11T14:29:12.681000Z,2024-09-09T14:42:25.170112Z,377,C10OZW7Z,178,English,64,Female,White,Canada,Canada,Canada,English,DATA_EXPIRED,DATA_EXPIRED
APPROVED,Not Applicable,2024-09-09T14:37:38.558000Z,2024-09-09T14:40:42.773000Z,2024-09-11T14:29:40.028000Z,2024-09-09T14:41:21.382927Z,185,C10OZW7Z,93,"Finnish, English",55,Female,White,Finland,Finland,Finland,Finnish,No,Unemployed (and job seeking)
APPROVED,Not Applicable,2024-09-09T14:41:19.985000Z,2024-09-09T14:43:00.474000Z,2024-09-11T14:30:06.460000Z,2024-09-09T14:44:00.006158Z,101,C10OZW7Z,198,English,30,Female,Black,United States,United States,United States,English,Yes,Full-Time
APPROVED,Not Applicable,2024-09-09T14:35:51.193000Z,2024-09-09T14:38:27.044000Z,2024-09-11T14:29:09.789000Z,2024-09-09T14:40:47.734583Z,156,C10OZW7Z,123,English,29,Female,White,Ireland,Ireland,Ireland,English,No,Full-Time
APPROVED,Not Applicable,2024-09-09T14:38:34.280000Z,2024-09-09T14:42:18.775000Z,2024-09-11T14:29:51.764000Z,2024-09-09T14:42:31.092725Z,225,C10OZW7Z,111,English,42,Female,Asian,South Africa,South Africa,South Africa,English,No,DATA_EXPIRED
APPROVED,Not Applicable,2024-09-09T14:38:24.454000Z,2024-09-09T14:40:43.868000Z,2024-09-11T14:29:45.592000Z,2024-09-09T14:41:25.707766Z,140,C10OZW7Z,24,English,21,Female,Black,South Africa,South Africa,South Africa,English,Yes,Full-Time
APPROVED,Not Applicable,2024-09-09T14:40:30.711000Z,2024-09-09T14:46:13.018000Z,2024-09-11T14:30:07.240000Z,2024-09-09T14:46:14.679303Z,343,C10OZW7Z,73,English,23,Female,Black,South Africa,South Africa,South Africa,English,Yes,Full-Time
APPROVED,Not Applicable,2024-09-09T14:39:20.945000Z,2024-09-09T14:41:55.566000Z,2024-09-11T14:32:06.048000Z,2024-09-09T14:42:18.520052Z,155,C10OZW7Z,359,English,29,Male,White,United Kingdom,United Kingdom,United Kingdom,English,No,Full-Time
APPROVED,Not Applicable,2024-09-09T14:37:36.213000Z,2024-09-09T14:40:48.516000Z,2024-09-11T14:29:16.206000Z,2024-09-09T14:41:23.017132Z,193,C10OZW7Z,54,"Hebrew, Arabic, English",34,Female,Other,Lebanon,Israel,Israel,Hebrew,No,DATA_EXPIRED
APPROVED,Not Applicable,2024-09-09T14:51:16.025000Z,2024-09-09T14:58:59.516000Z,2024-09-11T14:32:39.054000Z,2024-09-09T14:59:00.549687Z,464,C10OZW7Z,75,"English, Swahili",35,Male,Black,Kenya,Kenya,Kenya,English,No,Part-Time
APPROVED,Not Applicable,2024-09-09T14:32:50.582000Z,2024-09-09T14:34:14.893000Z,2024-09-11T14:31:27.250000Z,2024-09-09T14:34:55.262507Z,85,C10OZW7Z,66,"English, Swahili, Spanish, French, Italian",31,Male,Black,Kenya,Kenya,Kenya,English,Yes,Unemployed (and job seeking)
APPROVED,Not Applicable,2024-09-09T14:37:50.207000Z,2024-09-09T14:38:44.493000Z,2024-09-11T14:29:31.541000Z,2024-09-09T14:40:50.503147Z,55,C10OZW7Z,127,English,39,Female,White,Ireland,Ireland,Ireland,English,No,Part-Time
APPROVED,Not Applicable,2024-09-09T14:37:42.975000Z,2024-09-09T14:38:43.052000Z,2024-09-11T14:31:57.439000Z,2024-09-09T14:40:50.368873Z,61,C10OZW7Z,35,English,43,Male,White,Ireland,Ireland,Ireland,English,No,Full-Time
APPROVED,Not Applicable,2024-09-09T14:35:27.025000Z,2024-09-09T14:36:14.517000Z,2024-09-11T14:29:08.241000Z,2024-09-09T14:36:17.248992Z,48,C10OZW7Z,61,English,53,Female,White,United States,Ireland,United States,English,No,Unemployed (and job seeking)
APPROVED,Not Applicable,2024-09-09T14:39:59.211000Z,2024-09-09T14:51:47.306000Z,2024-09-11T14:32:09.011000Z,2024-09-09T14:57:16.405343Z,709,C10OZW7Z,113,"English, German",28,Male,White,Germany,Germany,Germany,German,No,DATA_EXPIRED
APPROVED,Not Applicable,2024-09-09T14:41:46.890000Z,2024-09-09T14:45:03.496000Z,2024-09-11T14:32:26.691000Z,2024-09-09T14:45:18.603433Z,197,C10OZW7Z,347,English,31,Male,Mixed,United States,United Kingdom,United States,English,Yes,Full-Time
APPROVED,Not Applicable,2024-09-09T14:33:52.256000Z,2024-09-09T14:38:48.435000Z,2024-09-11T14:31:31.951000Z,2024-09-09T14:40:51.296742Z,297,C10OZW7Z,295,English,32,Male,White,United Kingdom,United Kingdom,United Kingdom,English,No,Unemployed (and job seeking)
APPROVED,Not Applicable,2024-09-09T14:37:37.692000Z,2024-09-09T14:48:14.834000Z,2024-09-11T14:29:39.135000Z,2024-09-09T14:48:16.725697Z,638,C10OZW7Z,410,English,35,Female,White,United States,United States,United States,English,No,DATA_EXPIRED
APPROVED,Not Applicable,2024-09-09T14:39:51.570000Z,2024-09-09T14:42:58.136000Z,2024-09-11T14:32:08.447000Z,2024-09-09T14:43:59.557572Z,187,C10OZW7Z,133,English,31,Male,White,Australia,Australia,Australia,English,No,Full-Time
APPROVED,Not Applicable,2024-09-09T14:33:13.512000Z,2024-09-09T14:37:15.506000Z,2024-09-11T14:31:28.078000Z,2024-09-09T15:38:40.550533Z,242,C10OZW7Z,25,English,39,Male,Other,United States,United States,United States,English,No,Full-Time
APPROVED,Not Applicable,2024-09-09T14:36:41.815000Z,2024-09-09T14:47:54.928000Z,2024-09-11T14:29:19.808000Z,2024-09-09T14:47:55.675530Z,674,C10OZW7Z,77,English,61,Female,White,Canada,Canada,Canada,English,No,Part-Time
APPROVED,Not Applicable,2024-09-09T14:37:51.671000Z,2024-09-09T14:51:15.618000Z,2024-09-11T14:31:57.816000Z,2024-09-10T07:42:40.710212Z,804,C10OZW7Z,20,English,56,Male,Black,South Africa,South Africa,South Africa,English,No,Other
APPROVED,Not Applicable,2024-09-09T14:38:19.275000Z,2024-09-09T14:42:54.494000Z,2024-09-11T14:29:49.651000Z,2024-09-09T14:43:47.021675Z,276,C10OZW7Z,154,English,63,Female,White,Canada,Canada,Canada,English,No,Full-Time
APPROVED,Not Applicable,2024-09-09T14:36:46.107000Z,2024-09-09T14:41:23.467000Z,2024-09-11T14:29:21.345000Z,2024-09-09T14:41:41.333340Z,278,C10OZW7Z,64,English,18,Female,Black,United Kingdom,South Africa,South Africa,English,Yes,Unemployed (and job seeking)
APPROVED,Not Applicable,2024-09-09T14:36:27.005000Z,2024-09-09T14:39:33.780000Z,2024-09-11T14:29:13.745000Z,2024-09-09T14:41:01.760346Z,187,C10OZW7Z,48,English,18,Female,Black,South Africa,South Africa,South Africa,English,Yes,Part-Time
APPROVED,Not Applicable,2024-09-09T14:40:44.100000Z,2024-09-09T14:45:10.248000Z,2024-09-11T14:32:12.448000Z,2024-09-09T14:45:22.198392Z,267,C10OZW7Z,8,"Swedish, English",20,Male,White,Sweden,Sweden,Sweden,Swedish,No,Unemployed (and job seeking)
APPROVED,Not Applicable,2024-09-09T14:41:52.902000Z,2024-09-09T14:46:16.357000Z,2024-09-11T14:32:27.404000Z,2024-09-09T14:46:17.406834Z,264,C10OZW7Z,60,"English, French",21,Male,Mixed,Canada,Canada,Canada,English,Yes,Full-Time
APPROVED,Not Applicable,2024-09-09T14:40:58.492000Z,2024-09-09T14:45:00.058000Z,2024-09-11T14:32:20.248000Z,2024-09-09T15:46:00.801407Z,242,C10OZW7Z,51,"Croatian, English",29,Male,White,Croatia,Croatia,Croatia,English,No,Part-Time
APPROVED,Not Applicable,2024-09-09T14:37:20.678000Z,2024-09-09T14:43:38.467000Z,2024-09-11T14:29:31.906000Z,2024-09-09T14:44:46.861053Z,378,C10OZW7Z,59,"Portuguese, English",28,Female,White,Portugal,Portugal,Portugal,Portuguese,Yes,DATA_EXPIRED
APPROVED,Not Applicable,2024-09-09T14:36:56.984000Z,2024-09-09T14:43:52.133000Z,2024-09-11T14:29:27.446000Z,2024-09-09T14:44:50.237890Z,416,C10OZW7Z,87,"Afrikaans, English",38,Female,Mixed,South Africa,South Africa,South Africa,English,Yes,Full-Time
APPROVED,Not Applicable,2024-09-09T14:33:55.153000Z,2024-09-09T14:36:07.347000Z,2024-09-11T14:31:33.987000Z,2024-09-09T14:36:08.961522Z,133,C10OZW7Z,56,English,44,Male,Mixed,South Africa,South Africa,South Africa,Afrikaans,No,Full-Time
APPROVED,Not Applicable,2024-09-09T14:42:26.580000Z,2024-09-09T14:46:17.418000Z,2024-09-11T14:32:30.086000Z,2024-09-09T14:46:18.221998Z,231,C10OZW7Z,51,English,20,Male,White,United Kingdom,Ireland,United Kingdom,English,No,Part-Time
APPROVED,Not Applicable,2024-09-09T14:40:08.889000Z,2024-09-09T14:46:31.876000Z,2024-09-11T14:30:06.719000Z,2024-09-09T15:45:17.073900Z,383,C10OZW7Z,41,English,27,Female,Mixed,South Africa,South Africa,South Africa,English,Yes,Full-Time
APPROVED,Not Applicable,2024-09-09T14:40:03.421000Z,2024-09-09T14:46:21.014000Z,2024-09-11T14:32:10.174000Z,2024-09-09T14:46:21.823445Z,378,C10OZW7Z,55,English,52,Male,White,United Kingdom,United Kingdom,United Kingdom,English,No,Full-Time
APPROVED,Not Applicable,2024-09-09T14:39:01.605000Z,2024-09-09T14:44:38.187000Z,2024-09-11T14:29:58.907000Z,2024-09-09T14:45:01.813741Z,337,C10OZW7Z,48,English,33,Female,Black,South Africa,South Africa,South Africa,Other,No,Full-Time
APPROVED,Not Applicable,2024-09-09T14:42:05.798000Z,2024-09-09T14:44:55.477000Z,2024-09-11T14:32:23.789000Z,2024-09-09T23:09:09.981495Z,170,C10OZW7Z,53,English,24,Male,Asian,Korea,Spain,Korea,English,No,Full-Time
APPROVED,Not Applicable,2024-09-09T14:42:25.908000Z,2024-09-09T14:53:55.656000Z,2024-09-11T14:32:31.127000Z,2024-09-09T14:56:52.835677Z,690,C10OZW7Z,2,English,21,Male,Black,South Africa,South Africa,South Africa,English,DATA_EXPIRED,Unemployed (and job seeking)
APPROVED,Not Applicable,2024-09-09T14:37:03.531000Z,2024-09-09T14:40:36.383000Z,2024-09-11T14:29:29.957000Z,2024-09-09T14:41:19.602568Z,213,C10OZW7Z,40,"English, German",26,Female,Mixed,Philippines,Netherlands,Netherlands,English,Yes,Other
APPROVED,Not Applicable,2024-09-09T14:39:30.804000Z,2024-09-09T14:46:53.017000Z,2024-09-11T14:29:49.939000Z,2024-09-09T19:35:53.834562Z,443,C10OZW7Z,42,English,23,Female,Black,South Africa,South Africa,South Africa,English,Yes,Unemployed (and job seeking)
APPROVED,Not Applicable,2024-09-09T14:38:47.263000Z,2024-09-09T14:43:50.224000Z,2024-09-11T14:29:55.583000Z,2024-09-09T14:44:50.079209Z,303,C10OZW7Z,134,English,36,Female,White,Bulgaria,United Kingdom,Bulgaria,English,No,Full-Time
APPROVED,Not Applicable,2024-09-09T14:49:13.311000Z,2024-09-09T14:53:57.957000Z,2024-09-11T14:30:10.749000Z,2024-09-09T14:56:53.327155Z,285,C10OZW7Z,35,English,27,Female,White,South Africa,South Africa,South Africa,English,No,Full-Time
APPROVED,Not Applicable,2024-09-09T14:38:02.366000Z,2024-09-09T14:41:12.650000Z,2024-09-11T14:29:47.620000Z,2024-09-09T14:41:32.702738Z,191,C10OZW7Z,94,English,34,Female,White,Ireland,Ireland,Ireland,English,No,Full-Time
APPROVED,Not Applicable,2024-09-09T14:41:55.717000Z,2024-09-09T14:51:20.560000Z,2024-09-11T14:32:27.760000Z,2024-09-09T14:54:07.985520Z,565,C10OZW7Z,20,"Arabic, English, French",26,Male,Other,Algeria,United Kingdom,Algeria,Arabic,Yes,DATA_EXPIRED
APPROVED,Not Applicable,2024-09-09T14:38:56.324000Z,2024-09-09T14:41:35.863000Z,2024-09-11T14:29:57.616000Z,2024-09-09T14:41:53.275171Z,160,C10OZW7Z,151,English,24,Female,White,United Kingdom,United Kingdom,United Kingdom,English,No,Full-Time
APPROVED,Not Applicable,2024-09-09T14:37:45.389000Z,2024-09-09T14:47:27.335000Z,2024-09-11T14:29:32.270000Z,2024-09-09T14:47:28.103712Z,582,C10OZW7Z,42,English,42,Female,Black,South Africa,South Africa,South Africa,English,No,Full-Time
APPROVED,Not Applicable,2024-09-09T14:38:50.831000Z,2024-09-09T14:39:18Z,2024-09-11T14:32:04.768000Z,2024-09-09T14:40:58.668724Z,28,C10OZW7Z,93,"English, Spanish",35,Male,Asian,India,Spain,Spain,English,No,Full-Time
APPROVED,Not Applicable,2024-09-09T14:37:35.109000Z,2024-09-09T14:40:25.963000Z,2024-09-11T14:31:48.015000Z,2024-09-09T14:41:17.235592Z,171,C10OZW7Z,95,English,30,Male,White,Canada,Canada,Canada,English,No,Full-Time
APPROVED,Not Applicable,2024-09-09T14:39:25.059000Z,2024-09-09T14:47:13.938000Z,2024-09-11T14:30:02.119000Z,2024-09-09T14:47:14.872623Z,469,C10OZW7Z,67,English,24,Female,Black,South Africa,South Africa,South Africa,English,Yes,Full-Time
APPROVED,Not Applicable,2024-09-09T14:38:01.566000Z,2024-09-09T14:41:00.126000Z,2024-09-11T14:29:46.022000Z,2024-09-09T14:41:25.893065Z,179,C10OZW7Z,179,English,24,Female,Black,Nigeria,United Kingdom,Nigeria,English,Yes,Part-Time
APPROVED,Not Applicable,2024-09-09T14:37:45.999000Z,2024-09-09T14:49:30.660000Z,2024-09-11T14:29:34.504000Z,2024-09-09T14:49:34.666346Z,705,C10OZW7Z,33,English,24,Female,Black,South Africa,South Africa,South Africa,Other,No,Part-Time
APPROVED,Not Applicable,2024-09-09T14:37:55.910000Z,2024-09-09T14:43:47.312000Z,2024-09-11T14:29:24.785000Z,2024-09-09T14:44:49.623802Z,352,C10OZW7Z,56,"Afrikaans, English, Other",25,Female,Black,Zimbabwe,South Africa,Zimbabwe,English,No,Full-Time
APPROVED,Not Applicable,2024-09-09T14:37:02.732000Z,2024-09-09T14:56:48.930000Z,2024-09-11T14:29:24.359000Z,2024-09-09T14:57:23.613575Z,1187,C10OZW7Z,47,"Afrikaans, English",27,Female,Black,South Africa,South Africa,South Africa,English,Yes,Full-Time
APPROVED,Not Applicable,2024-09-09T14:38:26.671000Z,2024-09-09T14:39:27.631000Z,2024-09-11T14:32:01.414000Z,2024-09-09T14:41:00.621122Z,61,C10OZW7Z,18,English,31,Male,Black,Nigeria,Canada,Nigeria,English,No,Full-Time
APPROVED,Not Applicable,2024-09-09T14:41:10.289000Z,2024-09-09T14:46:53.018000Z,2024-09-11T14:30:05.407000Z,2024-09-09T14:46:53.720490Z,343,C10OZW7Z,41,English,24,Female,Black,South Africa,South Africa,South Africa,English,Yes,Unemployed (and job seeking)
APPROVED,Not Applicable,2024-09-09T14:38:09.213000Z,2024-09-09T14:42:37.919000Z,2024-09-11T14:31:59.224000Z,2024-09-09T14:43:20.099524Z,269,C10OZW7Z,32,English,27,Male,Black,South Africa,South Africa,South Africa,English,No,Full-Time
APPROVED,Not Applicable,2024-09-09T14:36:30.219000Z,2024-09-09T14:37:32.051000Z,2024-09-11T14:31:48.885000Z,2024-09-09T14:40:29.576690Z,62,C10OZW7Z,37,"German, English",33,Male,White,Italy,Germany,Germany,German,No,Full-Time
APPROVED,Not Applicable,2024-09-09T14:40:41.225000Z,2024-09-09T14:45:36.184000Z,2024-09-11T14:29:15.906000Z,2024-09-09T14:45:36.996377Z,295,C10OZW7Z,41,"Afrikaans, English",36,Female,Black,South Africa,South Africa,South Africa,English,Yes,Full-Time
APPROVED,Not Applicable,2024-09-09T14:37:36.406000Z,2024-09-09T14:44:21.101000Z,2024-09-11T14:29:37.532000Z,2024-09-09T14:44:57.608200Z,405,C10OZW7Z,27,English,23,Female,Black,South Africa,South Africa,South Africa,English,No,Full-Time
APPROVED,Not Applicable,2024-09-09T14:42:38.820000Z,2024-09-09T14:55:18.621000Z,2024-09-11T14:32:26.247000Z,2024-09-09T15:48:14.305592Z,760,C10OZW7Z,3,English,24,Male,Black,South Africa,South Africa,South Africa,English,No,Unemployed (and job seeking)
APPROVED,Not Applicable,2024-09-09T14:35:22.311000Z,2024-09-09T14:43:21.257000Z,2024-09-11T14:29:07.115000Z,2024-09-09T14:44:36.503639Z,479,C10OZW7Z,57,English,35,Female,Black,Zimbabwe,South Africa,Zimbabwe,English,Yes,Part-Time
APPROVED,Not Applicable,2024-09-09T14:37:44.491000Z,2024-09-09T14:43:40.575000Z,2024-09-11T14:29:41.754000Z,2024-09-09T14:44:47.832952Z,357,C10OZW7Z,28,"Polish, English",26,Female,White,Poland,Poland,Poland,Polish,Yes,Other
APPROVED,Not Applicable,2024-09-09T14:40:51.759000Z,2024-09-09T14:47:12.600000Z,2024-09-11T14:30:02.652000Z,2024-09-09T14:47:13.390993Z,381,C10OZW7Z,24,English,39,Female,Black,South Africa,South Africa,South Africa,English,Yes,Full-Time
APPROVED,Not Applicable,2024-09-09T14:38:27.190000Z,2024-09-09T14:42:56.409000Z,2024-09-11T14:29:52.691000Z,2024-09-10T02:49:55.930947Z,270,C10OZW7Z,48,"Afrikaans, English, Portuguese, Swahili, French",30,Female,Black,South Africa,South Africa,South Africa,Other,No,Full-Time
APPROVED,Not Applicable,2024-09-09T14:37:04.451000Z,2024-09-09T14:44:22.886000Z,2024-09-11T14:29:26.760000Z,2024-09-09T14:44:58.649279Z,439,C10OZW7Z,22,"Afrikaans, Arabic, French, Greek, English",21,Female,Black,South Africa,South Africa,South Africa,English,No,Full-Time
APPROVED,Not Applicable,2024-09-09T14:39:16.079000Z,2024-09-09T14:48:07.740000Z,2024-09-11T14:30:01.822000Z,2024-09-09T14:48:09.032410Z,532,C10OZW7Z,35,"English, Afrikaans",20,Female,Black,South Africa,South Africa,South Africa,English,Yes,Due to start a new job within the next month
APPROVED,Not Applicable,2024-09-09T14:34:37.180000Z,2024-09-09T14:41:45.571000Z,2024-09-11T14:31:39.259000Z,2024-09-09T14:42:04.112233Z,429,C10OZW7Z,109,English,35,Male,White,United Kingdom,United Kingdom,United Kingdom,English,No,Full-Time
APPROVED,Not Applicable,2024-09-09T14:39:45.271000Z,2024-09-09T14:49:09.690000Z,2024-09-11T14:30:05.937000Z,2024-09-09T14:49:11.317965Z,565,C10OZW7Z,28,English,25,Female,Black,South Africa,South Africa,South Africa,English,No,Full-Time
APPROVED,Not Applicable,2024-09-09T14:37:06.970000Z,2024-09-09T14:40:25.706000Z,2024-09-11T14:29:28.307000Z,2024-09-09T14:41:18.472457Z,199,C10OZW7Z,50,English,62,Female,White,United Kingdom,Spain,United Kingdom,English,No,Part-Time
APPROVED,Not Applicable,2024-09-09T14:40:10.672000Z,2024-09-09T14:45:13.634000Z,2024-09-11T14:32:12.046000Z,2024-09-09T14:45:24.131546Z,303,C10OZW7Z,98,English,63,Male,White,United Kingdom,United Kingdom,United Kingdom,English,No,Part-Time
APPROVED,Not Applicable,2024-09-09T14:37:00.057000Z,2024-09-09T14:42:52.731000Z,2024-09-11T14:29:25.644000Z,2024-09-09T14:43:46.097956Z,353,C10OZW7Z,53,English,24,Female,Black,South Africa,South Africa,South Africa,English,Yes,Full-Time
APPROVED,Not Applicable,2024-09-09T14:39:26.501000Z,2024-09-09T14:54:03.883000Z,2024-09-11T14:31:45.229000Z,2024-09-09T14:57:01.703936Z,878,C10OZW7Z,52,English,24,Male,Black,South Africa,South Africa,South Africa,English,No,Full-Time
APPROVED,Not Applicable,2024-09-09T14:39:05.752000Z,2024-09-09T14:44:50.844000Z,2024-09-11T14:29:59.886000Z,2024-09-09T14:45:11.577432Z,346,C10OZW7Z,38,English,28,Female,White,Canada,Canada,Canada,English,No,Full-Time
APPROVED,Not Applicable,2024-09-09T14:38:12.101000Z,2024-09-09T14:40:51.233000Z,2024-09-11T14:29:47.239000Z,2024-09-09T14:41:23.661208Z,160,C10OZW7Z,78,English,25,Female,Black,South Africa,South Africa,South Africa,English,No,Full-Time
APPROVED,Not Applicable,2024-09-09T14:42:21.606000Z,2024-09-09T14:46:10.974000Z,2024-09-11T14:32:29.099000Z,2024-09-09T14:46:12.730827Z,230,C10OZW7Z,3,English,30,Male,Black,South Africa,South Africa,South Africa,Other,No,Full-Time
APPROVED,Not Applicable,2024-09-09T14:38:10.039000Z,2024-09-09T14:42:05.376000Z,2024-09-11T14:32:00.433000Z,2024-09-09T14:42:23.531528Z,236,C10OZW7Z,80,English,35,Male,Mixed,Pakistan,Canada,Canada,English,No,Full-Time
APPROVED,Not Applicable,2024-09-09T14:40:09.004000Z,2024-09-09T14:43:59.359000Z,2024-09-11T14:30:08.781000Z,2024-09-09T14:44:50.647982Z,231,C10OZW7Z,48,English,35,Female,Black,South Africa,South Africa,Zimbabwe,English,No,Full-Time
APPROVED,Not Applicable,2024-09-09T14:38:50.059000Z,2024-09-09T14:45:43.025000Z,2024-09-11T14:29:10.504000Z,2024-09-09T14:45:43.711043Z,413,C10OZW7Z,0,English,30,Female,Black,Lesotho,South Africa,South Africa,English,No,Full-Time
APPROVED,Not Applicable,2024-09-09T14:38:10.460000Z,2024-09-09T14:44:22.886000Z,2024-09-11T14:29:49.367000Z,2024-09-09T14:44:58.057733Z,373,C10OZW7Z,31,English,54,Female,Black,South Africa,South Africa,South Africa,English,No,Full-Time
APPROVED,Not Applicable,2024-09-09T14:44:25.923000Z,2024-09-09T14:55:10.561000Z,2024-09-11T14:30:09.721000Z,2024-09-09T14:57:13.377633Z,645,C10OZW7Z,23,English,38,Female,Black,South Africa,South Africa,South Africa,English,No,Full-Time
APPROVED,Not Applicable,2024-09-09T14:37:45.965000Z,2024-09-09T14:39:02.988000Z,2024-09-11T14:29:18.847000Z,2024-09-09T14:41:19.690163Z,78,C10OZW7Z,36,English,24,Female,Black,South Africa,South Africa,South Africa,English,No,Full-Time
APPROVED,Not Applicable,2024-09-09T14:41:41.071000Z,2024-09-09T14:44:34.328000Z,2024-09-11T14:31:51.462000Z,2024-09-09T14:44:59.958429Z,174,C10OZW7Z,58,"Polish, English",22,Male,White,Poland,Poland,Poland,Polish,Yes,Unemployed (and job seeking)
APPROVED,Not Applicable,2024-09-09T14:41:40.560000Z,2024-09-09T14:52:19.507000Z,2024-09-11T14:32:16.236000Z,2024-09-09T14:54:53.878099Z,639,C10OZW7Z,27,"Afrikaans, Danish, English, Finnish, German",34,Male,Black,South Africa,South Africa,South Africa,English,Yes,Part-Time
APPROVED,Not Applicable,2024-09-09T14:38:41.976000Z,2024-09-09T14:46:33.021000Z,2024-09-11T14:29:50.884000Z,2024-09-09T14:46:34.984315Z,472,C10OZW7Z,16,English,41,Female,Black,South Africa,South Africa,South Africa,English,No,Full-Time
APPROVED,Not Applicable,2024-09-09T14:39:34.436000Z,2024-09-09T14:45:39.754000Z,2024-09-11T14:30:05.143000Z,2024-09-09T14:45:40.557475Z,366,C10OZW7Z,55,English,30,Female,Asian,South Africa,South Africa,South Africa,English,Yes,Full-Time
APPROVED,Not Applicable,2024-09-09T14:37:27.200000Z,2024-09-09T14:39:07.679000Z,2024-09-11T14:29:31.193000Z,2024-09-09T14:40:56.279217Z,101,C10OZW7Z,35,"English, Afrikaans",21,Female,Mixed,South Africa,South Africa,South Africa,English,No,"Not in paid work (e.g. homemaker', 'retired or disabled)"
APPROVED,Not Applicable,2024-09-09T14:39:28.926000Z,2024-09-09T14:44:57.527000Z,2024-09-11T14:30:03.995000Z,2024-09-09T14:45:20.450143Z,329,C10OZW7Z,26,English,31,Female,White,South Africa,South Africa,South Africa,English,No,Part-Time
APPROVED,Not Applicable,2024-09-09T14:36:51.189000Z,2024-09-09T14:43:00.574000Z,2024-09-11T14:29:20.969000Z,2024-09-09T14:44:02.774521Z,370,C10OZW7Z,46,English,71,Female,White,United Kingdom,United Kingdom,United Kingdom,English,No,"Not in paid work (e.g. homemaker', 'retired or disabled)"
APPROVED,Not Applicable,2024-09-09T14:39:54.219000Z,2024-09-09T14:44:13.062000Z,2024-09-11T14:29:58.149000Z,2024-09-09T14:44:53.762074Z,259,C10OZW7Z,23,English,33,Female,Black,Zimbabwe,South Africa,Zimbabwe,English,No,Full-Time
APPROVED,Not Applicable,2024-09-09T14:44:40.133000Z,2024-09-09T14:45:44.159000Z,2024-09-11T14:29:42.544000Z,2024-09-09T14:45:44.901952Z,65,C10OZW7Z,35,English,36,Female,Black,South Africa,South Africa,South Africa,English,Yes,Full-Time
APPROVED,Not Applicable,2024-09-09T14:36:13.360000Z,2024-09-09T14:44:40.112000Z,2024-09-11T14:29:14.830000Z,2024-09-09T14:45:04.404902Z,507,C10OZW7Z,60,"English, Hungarian",30,Female,Asian,Vietnam,Hungary,Vietnam,Vietnamese,Yes,Part-Time
APPROVED,Not Applicable,2024-09-09T14:38:02.977000Z,2024-09-09T14:39:30.290000Z,2024-09-11T14:29:48.811000Z,2024-09-09T14:41:03.570309Z,88,C10OZW7Z,65,"English, French, Swedish, Spanish, Thai",30,Female,Black,South Africa,South Africa,South Africa,English,Yes,Full-Time
APPROVED,Not Applicable,2024-09-09T14:39:57.324000Z,2024-09-09T14:43:30.945000Z,2024-09-11T14:29:34.151000Z,2024-09-09T14:44:41.627872Z,214,C10OZW7Z,32,English,32,Female,Asian,Canada,Canada,Canada,English,No,Full-Time
APPROVED,Not Applicable,2024-09-09T14:39:20.305000Z,2024-09-09T14:40:58.047000Z,2024-09-11T14:32:06.601000Z,2024-09-09T14:41:26.378936Z,98,C10OZW7Z,13,"English, French",31,Male,Black,Nigeria,France,Nigeria,English,Yes,Unemployed (and job seeking)
APPROVED,Not Applicable,2024-09-09T14:36:57.675000Z,2024-09-09T14:37:33.877000Z,2024-09-11T14:29:26.409000Z,2024-09-09T14:40:30.915279Z,37,C10OZW7Z,35,English,25,Female,White,Canada,Canada,Canada,French,No,"Not in paid work (e.g. homemaker', 'retired or disabled)"
APPROVED,Not Applicable,2024-09-09T14:42:34.611000Z,2024-09-09T14:43:52.402000Z,2024-09-11T14:32:29.724000Z,2024-09-09T14:44:56.438736Z,78,C10OZW7Z,42,English,21,Male,White,South Africa,South Africa,South Africa,English,Yes,Other
APPROVED,Not Applicable,2024-09-09T14:43:04.025000Z,2024-09-09T14:47:22.840000Z,2024-09-11T14:32:35.872000Z,2024-09-09T14:47:23.688210Z,259,C10OZW7Z,153,English,23,Male,White,United Kingdom,United Kingdom,United Kingdom,English,No,Full-Time
APPROVED,Not Applicable,2024-09-09T14:41:00.590000Z,2024-09-09T14:43:08.631000Z,2024-09-11T14:32:20.529000Z,2024-09-09T14:44:06.552287Z,129,C10OZW7Z,50,English,24,Male,White,United Kingdom,United Kingdom,United Kingdom,English,No,Full-Time
APPROVED,Not Applicable,2024-09-09T14:42:43.239000Z,2024-09-09T14:48:23.973000Z,2024-09-11T14:32:34.249000Z,2024-09-09T14:48:24.648023Z,341,C10OZW7Z,103,English,37,Male,White,United Kingdom,United Kingdom,United Kingdom,English,No,Full-Time
APPROVED,Not Applicable,2024-09-09T14:36:07.291000Z,2024-09-09T14:39:25.202000Z,2024-09-11T14:31:46.634000Z,2024-09-09T14:41:06.544022Z,198,C10OZW7Z,32,English,34,Male,Black,United Kingdom,United Kingdom,United Kingdom,English,No,Full-Time
APPROVED,Not Applicable,2024-09-09T14:37:48.238000Z,2024-09-09T14:58:28.235000Z,2024-09-11T14:29:46.373000Z,2024-09-09T14:58:30.068881Z,1240,C10OZW7Z,125,English,21,Female,Asian,Armenia,Canada,Armenia,English,Yes,Full-Time
APPROVED,Not Applicable,2024-09-09T14:37:13.922000Z,2024-09-09T14:44:38.861000Z,2024-09-11T14:29:23.627000Z,2024-09-09T14:45:03.269795Z,445,C10OZW7Z,28,English,36,Female,Black,South Africa,South Africa,South Africa,English,Yes,DATA_EXPIRED
APPROVED,Not Applicable,2024-09-09T14:38:41.217000Z,2024-09-09T14:41:56.364000Z,2024-09-11T14:29:36.051000Z,2024-09-09T14:42:23.421378Z,196,C10OZW7Z,30,English,28,Female,Black,South Africa,South Africa,South Africa,English,No,Full-Time
APPROVED,Not Applicable,2024-09-09T14:40:45.785000Z,2024-09-09T14:43:24.529000Z,2024-09-11T14:32:17.935000Z,2024-09-09T14:44:37.060564Z,159,C10OZW7Z,135,English,37,Male,White,United Kingdom,United Kingdom,United Kingdom,English,No,Full-Time
APPROVED,Not Applicable,2024-09-09T14:37:46.527000Z,2024-09-09T14:44:10.114000Z,2024-09-11T14:31:52.670000Z,2024-09-09T14:44:52.855002Z,384,C10OZW7Z,63,English,32,Male,Black,South Africa,South Africa,South Africa,English,No,Full-Time
APPROVED,Not Applicable,2024-09-09T14:40:57.344000Z,2024-09-09T14:45:36.022000Z,2024-09-11T14:32:17.626000Z,2024-09-09T14:45:36.758493Z,279,C10OZW7Z,20,English,37,Male,White,South Africa,South Africa,South Africa,English,No,Full-Time
APPROVED,Not Applicable,2024-09-09T14:42:25.696000Z,2024-09-09T14:43:12.484000Z,2024-09-11T14:30:08.525000Z,2024-09-09T14:44:15.998464Z,47,C10OZW7Z,37,English,36,Female,White,Zimbabwe,South Africa,South Africa,English,Yes,Full-Time
APPROVED,Not Applicable,2024-09-09T14:36:44.766000Z,2024-09-09T14:43:00.037000Z,2024-09-11T14:29:20.600000Z,2024-09-09T14:44:00.390996Z,376,C10OZW7Z,29,English,29,Female,Black,Zimbabwe,South Africa,Zimbabwe,English,Yes,Part-Time
APPROVED,Not Applicable,2024-09-09T14:33:39.416000Z,2024-09-09T14:34:35.830000Z,2024-09-11T14:31:31.085000Z,2024-09-09T14:34:37.655665Z,57,C10OZW7Z,58,English,33,Male,Asian,Hong Kong,Canada,Canada,Chinese,No,Full-Time
APPROVED,Not Applicable,2024-09-09T14:35:37.664000Z,2024-09-09T14:41:16.018000Z,2024-09-11T14:31:42.119000Z,2024-09-09T14:41:38.414551Z,339,C10OZW7Z,18,English,56,Male,White,Czech Republic,South Africa,South Africa,English,No,Full-Time
APPROVED,Not Applicable,2024-09-09T14:48:27.592000Z,2024-09-09T14:49:31.255000Z,2024-09-11T14:32:07.754000Z,2024-09-09T14:49:34.629662Z,64,C10OZW7Z,0,English,35,Male,White,United Kingdom,United Kingdom,United Kingdom,English,No,Full-Time
APPROVED,Not Applicable,2024-09-09T14:38:31.855000Z,2024-09-09T14:44:45.610000Z,2024-09-11T14:29:50.283000Z,2024-09-09T14:45:07.112625Z,374,C10OZW7Z,28,English,29,Female,Black,Zimbabwe,South Africa,Zimbabwe,English,No,Full-Time
APPROVED,Not Applicable,2024-09-09T14:38:16.711000Z,2024-09-09T14:42:34.818000Z,2024-09-11T14:29:48.402000Z,2024-09-09T14:43:16.208338Z,259,C10OZW7Z,63,English,24,Female,White,South Africa,South Africa,South Africa,English,No,Full-Time
APPROVED,Not Applicable,2024-09-09T14:47:21.346000Z,2024-09-09T14:54:23.221000Z,2024-09-11T14:30:09.979000Z,2024-09-09T14:57:05.012234Z,422,C10OZW7Z,80,"Czech, Danish, English, French, German",34,Female,Mixed,South Africa,South Africa,South Africa,English,Yes,Part-Time
APPROVED,Not Applicable,2024-09-09T14:33:43.609000Z,2024-09-09T14:42:21.195000Z,2024-09-11T14:31:30.606000Z,2024-09-09T14:42:31.577233Z,518,C10OZW7Z,32,English,29,Male,Black,Zimbabwe,South Africa,Zimbabwe,English,No,Full-Time
APPROVED,Not Applicable,2024-09-09T14:37:29.091000Z,2024-09-09T14:52:29.962000Z,2024-09-11T14:29:32.633000Z,2024-09-09T14:55:05.308302Z,901,C10OZW7Z,29,English,24,Female,Black,South Africa,South Africa,South Africa,English,No,Full-Time
APPROVED,Not Applicable,2024-09-09T14:39:07.175000Z,2024-09-09T14:44:40.204000Z,2024-09-11T14:30:00.890000Z,2024-09-09T14:45:06.109149Z,334,C10OZW7Z,24,English,29,Female,White,Canada,Canada,Canada,English,No,Full-Time
APPROVED,Not Applicable,2024-09-09T14:44:25.531000Z,2024-09-09T14:45:19.294000Z,2024-09-11T14:32:31.929000Z,2024-09-09T14:45:25.972898Z,54,C10OZW7Z,13,"Polish, English",19,Male,White,Poland,Poland,Poland,Polish,Yes,Unemployed (and job seeking)
APPROVED,Not Applicable,2024-09-09T14:36:36.805000Z,2024-09-09T14:41:49.989000Z,2024-09-11T14:29:14.088000Z,2024-09-09T14:42:14.986812Z,314,C10OZW7Z,20,English,20,Female,Black,South Africa,South Africa,South Africa,English,No,Full-Time
APPROVED,Not Applicable,2024-09-09T14:36:49.803000Z,2024-09-09T14:42:44.352000Z,2024-09-11T14:31:50.499000Z,2024-09-09T14:43:26.385249Z,355,C10OZW7Z,25,"Armenian, German, English, Russian",28,Male,White,Russian Federation,Austria,Armenia,Russian,No,Full-Time
APPROVED,Not Applicable,2024-09-09T14:37:22.373000Z,2024-09-09T14:37:52.443000Z,2024-09-11T14:31:55.108000Z,2024-09-09T14:40:42.779644Z,31,C10OZW7Z,22,English,25,Male,Black,South Africa,South Africa,South Africa,English,Yes,Full-Time
APPROVED,Not Applicable,2024-09-09T14:40:18.918000Z,2024-09-09T15:01:39.261000Z,2024-09-11T14:29:57.886000Z,2024-09-09T15:01:42.223888Z,1281,C10OZW7Z,26,English,30,Female,Black,South Africa,South Africa,South Africa,English,No,Full-Time
APPROVED,Not Applicable,2024-09-09T14:38:45.933000Z,2024-09-09T14:40:12.225000Z,2024-09-11T14:32:03.673000Z,2024-09-09T14:41:15.876229Z,87,C10OZW7Z,20,English,23,Male,Black,South Africa,South Africa,South Africa,English,Yes,Full-Time
APPROVED,Not Applicable,2024-09-09T14:43:28.804000Z,2024-09-09T14:49:00.898000Z,2024-09-11T14:32:36.651000Z,2024-09-09T14:49:02.285663Z,333,C10OZW7Z,5,"English, Somali",23,Male,Black,Canada,Canada,Canada,English,No,Part-Time
APPROVED,Not Applicable,2024-09-09T14:37:17.903000Z,2024-09-09T14:46:08.680000Z,2024-09-11T14:29:29.592000Z,2024-09-09T14:46:10.273727Z,531,C10OZW7Z,21,"Afrikaans, English",25,Female,Black,South Africa,South Africa,South Africa,English,No,Part-Time
APPROVED,Not Applicable,2024-09-09T14:36:36.380000Z,2024-09-09T14:37:52.247000Z,2024-09-11T14:29:17.215000Z,2024-09-09T14:40:37.919466Z,76,C10OZW7Z,13,English,21,Female,Mixed,South Africa,South Africa,South Africa,English,Yes,Part-Time
APPROVED,Not Applicable,2024-09-09T14:47:29.509000Z,2024-09-09T14:58:37.339000Z,2024-09-11T14:32:37.895000Z,2024-09-09T14:58:37.948954Z,668,C10OZW7Z,10,English,25,Male,Black,Zimbabwe,South Africa,Zimbabwe,English,No,Full-Time
APPROVED,Not Applicable,2024-09-09T14:37:09.904000Z,2024-09-09T14:42:29.631000Z,2024-09-11T14:29:27.806000Z,2024-09-09T14:42:32.991610Z,320,C10OZW7Z,21,English,23,Female,Black,South Africa,South Africa,South Africa,English,No,Other
APPROVED,Not Applicable,2024-09-09T14:38:59.799000Z,2024-09-09T14:46:27.432000Z,2024-09-11T14:32:05.469000Z,2024-09-09T14:46:29.234412Z,448,C10OZW7Z,27,English,21,Male,Black,South Africa,South Africa,South Africa,English,Yes,Unemployed (and job seeking)
APPROVED,Not Applicable,2024-09-09T14:35:14.649000Z,2024-09-09T14:44:10.940000Z,2024-09-11T14:31:38.845000Z,2024-09-10T03:41:18.180549Z,537,C10OZW7Z,21,English,26,Male,Black,South Africa,South Africa,South Africa,English,No,Full-Time
APPROVED,Not Applicable,2024-09-09T14:43:20.812000Z,2024-09-09T14:45:10.013000Z,2024-09-11T14:32:36.258000Z,2024-09-09T14:45:22.429867Z,110,669e06ecf660ea8da5503abe,1,"Afrikaans, English, Other",41,Male,Black,South Africa,South Africa,South Africa,Other,No,Full-Time
APPROVED,Not Applicable,2024-09-09T14:41:42.092000Z,2024-09-09T14:55:01.371000Z,2024-09-11T14:32:25.261000Z,2024-09-09T14:57:12.319579Z,800,C10OZW7Z,22,"English, Other",29,Male,Black,Zimbabwe,South Africa,Zimbabwe,English,No,Part-Time
APPROVED,Not Applicable,2024-09-09T14:36:49.740000Z,2024-09-09T14:44:39.653000Z,2024-09-11T14:29:22.906000Z,2024-09-09T14:45:02.957435Z,470,C10OZW7Z,18,English,27,Female,Black,South Africa,South Africa,South Africa,English,No,DATA_EXPIRED
APPROVED,Not Applicable,2024-09-09T14:41:13.794000Z,2024-09-09T14:43:59.412000Z,2024-09-11T14:32:22.859000Z,2024-09-09T14:44:51.026861Z,166,C10OZW7Z,13,English,38,Male,White,United Kingdom,United Kingdom,United Kingdom,English,No,Full-Time
APPROVED,Not Applicable,2024-09-09T14:40:54.405000Z,2024-09-09T14:46:09.340000Z,2024-09-11T14:32:19.950000Z,2024-09-09T14:46:11.311364Z,315,C10OZW7Z,11,English,27,Male,White,Israel,Israel,Israel,English,No,Full-Time
APPROVED,Not Applicable,2024-09-09T14:46:20.606000Z,2024-09-09T14:52:39.105000Z,2024-09-11T14:29:40.530000Z,2024-09-11T09:31:54.811044Z,379,C10OZW7Z,9,English,18,Female,Black,South Africa,South Africa,South Africa,English,Yes,Full-Time
APPROVED,Not Applicable,2024-09-09T14:34:23.304000Z,2024-09-09T14:43:42.744000Z,2024-09-11T14:31:36.100000Z,2024-09-11T13:56:01.301911Z,560,C10OZW7Z,35,English,37,Male,Black,South Africa,South Africa,South Africa,English,No,Full-Time
APPROVED,Not Applicable,2024-09-09T14:38:58.613000Z,2024-09-09T14:39:50.099000Z,2024-09-11T14:29:58.404000Z,2024-09-09T14:41:06.756774Z,52,C10OZW7Z,48,English,59,Female,White,United Kingdom,United Kingdom,United Kingdom,English,No,Full-Time
APPROVED,Not Applicable,2024-09-09T14:39:11.874000Z,2024-09-09T14:46:58.333000Z,2024-09-11T14:29:23.274000Z,2024-09-09T14:46:59.148458Z,467,C10OZW7Z,10,English,27,Female,Black,South Africa,South Africa,South Africa,English,No,Full-Time
APPROVED,Not Applicable,2024-09-09T14:37:50.354000Z,2024-09-09T14:46:00.478000Z,2024-09-11T14:29:33.377000Z,2024-09-09T14:46:01.506119Z,491,C10OZW7Z,18,English,19,Female,Mixed,South Africa,South Africa,South Africa,English,No,"Not in paid work (e.g. homemaker', 'retired or disabled)"
APPROVED,Not Applicable,2024-09-09T14:44:45.169000Z,2024-09-09T14:51:26.996000Z,2024-09-11T14:32:37.572000Z,2024-09-09T14:55:21.116988Z,402,C10OZW7Z,17,"Afrikaans, English, Greek, German",35,Male,Black,South Africa,South Africa,South Africa,English,No,Full-Time
APPROVED,Not Applicable,2024-09-09T14:41:41.561000Z,2024-09-09T14:44:45.020000Z,2024-09-11T14:32:25.940000Z,2024-09-09T14:45:06.832229Z,184,C10OZW7Z,51,English,23,Male,Asian,Canada,Canada,Canada,English,Yes,Part-Time
APPROVED,Not Applicable,2024-09-09T14:34:10.871000Z,2024-09-09T14:36:35.798000Z,2024-09-11T14:31:36.530000Z,2024-09-09T14:36:36.705878Z,145,C10OZW7Z,14,English,20,Male,White,United Kingdom,United Kingdom,United Kingdom,English,Yes,Part-Time
APPROVED,Not Applicable,2024-09-09T14:38:02.332000Z,2024-09-09T14:43:51.875000Z,2024-09-11T14:29:45.221000Z,2024-09-09T14:44:50.288911Z,350,C10OZW7Z,5,"English, Afrikaans",22,Female,Black,South Africa,South Africa,South Africa,English,Yes,Unemployed (and job seeking)
APPROVED,Not Applicable,2024-09-09T14:36:43.304000Z,2024-09-09T14:41:16.943000Z,2024-09-11T14:29:16.494000Z,2024-09-09T14:41:32.418732Z,274,C10OZW7Z,24,English,26,Female,Black,South Africa,South Africa,South Africa,English,No,Unemployed (and job seeking)
APPROVED,Not Applicable,2024-09-09T14:40:44.060000Z,2024-09-09T14:52:42.721000Z,2024-09-11T14:31:43.021000Z,2024-09-09T14:55:23.879878Z,719,C10OZW7Z,4,"English, Other",27,Male,Black,South Africa,South Africa,South Africa,English,No,Part-Time
APPROVED,Not Applicable,2024-09-09T14:39:27.716000Z,2024-09-09T14:41:24.790000Z,2024-09-11T14:29:56.844000Z,2024-09-10T03:47:27.836155Z,118,C10OZW7Z,15,"Other, English",29,Female,Black,Zimbabwe,South Africa,Zimbabwe,English,No,Full-Time
APPROVED,Not Applicable,2024-09-09T14:42:32.001000Z,2024-09-09T14:46:26.036000Z,2024-09-11T14:32:30.396000Z,2024-09-09T14:46:26.797838Z,235,C10OZW7Z,27,English,30,Male,Black,South Africa,South Africa,South Africa,English,Yes,Full-Time
APPROVED,Not Applicable,2024-09-09T14:37:41.541000Z,2024-09-09T14:43:34.052000Z,2024-09-11T14:31:56.766000Z,2024-09-09T14:44:42.979498Z,353,C10OZW7Z,10,"Afrikaans, English",19,Male,White,South Africa,South Africa,South Africa,English,Yes,Part-Time
APPROVED,Not Applicable,2024-09-09T14:37:33.033000Z,2024-09-09T14:42:04.229000Z,2024-09-11T14:29:37.134000Z,2024-09-09T14:42:23.253757Z,272,C10OZW7Z,10,English,28,Female,Black,South Africa,South Africa,South Africa,English,Yes,Part-Time
APPROVED,Not Applicable,2024-09-09T14:41:12.492000Z,2024-09-09T14:46:29.506000Z,2024-09-11T14:32:21.253000Z,2024-09-09T14:46:30.567019Z,318,C10OZW7Z,17,"Other, English",20,Male,Black,South Africa,South Africa,South Africa,Other,Yes,Part-Time
APPROVED,Not Applicable,2024-09-09T14:42:45.285000Z,2024-09-09T14:52:41.789000Z,2024-09-11T14:32:33.758000Z,2024-09-09T14:55:25.811652Z,597,C10OZW7Z,22,English,18,Male,Black,South Africa,South Africa,South Africa,English,No,Part-Time
APPROVED,Not Applicable,2024-09-09T14:39:30.125000Z,2024-09-09T14:48:19.549000Z,2024-09-11T14:32:07.153000Z,2024-09-09T14:48:23.223059Z,530,C10OZW7Z,3,"English, Portuguese",44,Male,Black,Mozambique,South Africa,South Africa,English,Yes,Unemployed (and job seeking)
APPROVED,Not Applicable,2024-09-09T14:37:29.231000Z,2024-09-09T14:42:17.590000Z,2024-09-11T14:29:34.876000Z,2024-09-09T14:42:30.487391Z,289,C10OZW7Z,22,English,23,Female,Black,South Africa,South Africa,South Africa,English,Yes,Part-Time
APPROVED,Not Applicable,2024-09-09T14:34:50.887000Z,2024-09-09T14:40:23.462000Z,2024-09-11T14:31:41.399000Z,2024-09-09T14:41:16.951861Z,333,C10OZW7Z,22,English,24,Male,Black,Nigeria,France,Nigeria,English,Yes,Part-Time
APPROVED,Not Applicable,2024-09-09T14:36:37.087000Z,2024-09-09T14:39:52.224000Z,2024-09-11T14:31:48.334000Z,2024-09-09T14:41:08.164816Z,196,C10OZW7Z,75,English,33,Male,White,United Kingdom,United Kingdom,United Kingdom,English,No,Full-Time
APPROVED,Not Applicable,2024-09-09T14:40:06.920000Z,2024-09-09T14:46:36.287000Z,2024-09-11T14:32:11.043000Z,2024-09-09T14:46:37.423101Z,390,C10OZW7Z,50,English,33,Male,Asian,Canada,Canada,Canada,English,No,Full-Time
APPROVED,Not Applicable,2024-09-09T14:33:59.889000Z,2024-09-09T14:40:15.960000Z,2024-09-11T14:31:34.946000Z,2024-09-09T14:41:15.340566Z,377,C10OZW7Z,16,"Greek, English",18,Male,White,Greece,Greece,Greece,Greek,Yes,Part-Time
APPROVED,Not Applicable,2024-09-09T14:38:51.396000Z,2024-09-09T14:45:09.851000Z,2024-09-11T14:29:54.819000Z,2024-09-09T14:46:00.081250Z,379,C10OZW7Z,1,English,26,Female,Black,South Africa,South Africa,South Africa,English,No,Unemployed (and job seeking)
APPROVED,Not Applicable,2024-09-09T14:39:50.290000Z,2024-09-09T14:42:55.932000Z,2024-09-11T14:30:04.797000Z,2024-09-09T14:43:49.319619Z,186,C10OZW7Z,12,English,32,Female,Black,South Africa,South Africa,South Africa,English,Yes,Due to start a new job within the next month
APPROVED,Not Applicable,2024-09-09T14:39:30.453000Z,2024-09-09T14:52:11.504000Z,2024-09-11T14:29:53.762000Z,2024-09-09T14:54:52.789465Z,762,C10OZW7Z,0,English,25,Female,Black,South Africa,South Africa,South Africa,English,Yes,DATA_EXPIRED
APPROVED,Not Applicable,2024-09-09T14:39:18.318000Z,2024-09-09T14:44:34.174000Z,2024-09-11T14:30:03.463000Z,2024-09-09T14:44:59.661273Z,316,C10OZW7Z,0,"Polish, English",19,Female,White,Poland,Poland,Poland,Polish,Yes,Unemployed (and job seeking)
APPROVED,Not Applicable,2024-09-09T14:37:46Z,2024-09-09T14:44:56.700000Z,2024-09-11T14:29:38.267000Z,2024-09-09T14:45:17.506807Z,431,C10OZW7Z,2,English,29,Female,Black,South Africa,South Africa,South Africa,English,No,Full-Time
APPROVED,Not Applicable,2024-09-09T14:40:27.377000Z,2024-09-09T14:45:46.653000Z,2024-09-11T14:32:15.388000Z,2024-09-09T14:45:47.433269Z,320,C10OZW7Z,26,"English, German, Afrikaans",37,Male,White,South Africa,Germany,South Africa,English,No,Full-Time
APPROVED,Not Applicable,2024-09-09T14:41:27.880000Z,2024-09-09T14:47:05.496000Z,2024-09-11T14:32:24.843000Z,2024-09-09T14:47:06.121286Z,338,C10OZW7Z,8,English,21,Male,Black,South Africa,South Africa,South Africa,English,Yes,Unemployed (and job seeking)
APPROVED,Not Applicable,2024-09-09T14:36:33.726000Z,2024-09-09T14:39:49.288000Z,2024-09-11T14:31:46.335000Z,2024-09-09T14:41:06.710405Z,196,C10OZW7Z,216,English,42,Male,White,United States,United States,United States,English,No,Part-Time
APPROVED,Not Applicable,2024-09-09T14:39:16.589000Z,2024-09-09T14:39:59.510000Z,2024-09-11T14:29:33.727000Z,2024-09-09T14:41:10.392271Z,43,C10OZW7Z,1,"Afrikaans, English",23,Female,Black,South Africa,South Africa,South Africa,English,No,Full-Time
APPROVED,Not Applicable,2024-09-09T14:34:10.055000Z,2024-09-09T14:41:41.407000Z,2024-09-11T14:31:35.654000Z,2024-09-09T14:41:55.763299Z,452,C10OZW7Z,7,English,36,Male,Black,Zimbabwe,South Africa,Zimbabwe,English,No,Full-Time
APPROVED,Not Applicable,2024-09-09T14:35:43.602000Z,2024-09-09T14:39:34.178000Z,2024-09-11T14:31:42.670000Z,2024-09-09T14:41:07.338169Z,231,C10OZW7Z,5,English,52,Male,White,Ireland,Ireland,Ireland,English,No,Full-Time
APPROVED,Not Applicable,2024-09-09T14:37:21.127000Z,2024-09-09T14:41:48.982000Z,2024-09-11T14:29:33.012000Z,2024-09-09T14:42:12.033399Z,268,C10OZW7Z,44,English,30,Female,White,Canada,Canada,Canada,English,No,Full-Time
APPROVED,Not Applicable,2024-09-09T14:38:51.642000Z,2024-09-09T14:42:43.942000Z,2024-09-11T14:29:55.083000Z,2024-09-09T14:43:25.838900Z,233,C10OZW7Z,10,"English, Danish",32,Female,White,Denmark,Denmark,Denmark,Danish,No,Full-Time
APPROVED,Not Applicable,2024-09-09T14:39:29.194000Z,2024-09-09T14:44:43.519000Z,2024-09-11T14:30:01.391000Z,2024-09-09T14:45:06.086603Z,315,C10OZW7Z,2,English,31,Female,Black,South Africa,South Africa,South Africa,English,Yes,Part-Time
APPROVED,Not Applicable,2024-09-09T14:37:38.384000Z,2024-09-09T14:44:15.201000Z,2024-09-11T14:29:43.468000Z,2024-09-09T14:44:54.270305Z,397,C10OZW7Z,17,English,30,Female,Black,South Africa,South Africa,South Africa,English,No,Full-Time
APPROVED,Not Applicable,2024-09-09T14:37:18.708000Z,2024-09-09T14:40:39.915000Z,2024-09-11T14:29:30.413000Z,2024-09-09T14:41:22.176573Z,202,C10OZW7Z,32,English,19,Female,White,Canada,Canada,Canada,English,Yes,Part-Time
APPROVED,Not Applicable,2024-09-09T14:36:24.139000Z,2024-09-09T14:37:27.217000Z,2024-09-11T14:31:48.618000Z,2024-09-09T14:40:23.941896Z,64,C10OZW7Z,30,"German, Polish, English",26,Male,White,Germany,Germany,Germany,German,Yes,Part-Time
APPROVED,Not Applicable,2024-09-09T14:38:42.313000Z,2024-09-09T14:40:18.828000Z,2024-09-11T14:29:51.456000Z,2024-09-09T14:41:15.839680Z,97,C10OZW7Z,8,"Vietnamese, English",21,Female,Black,South Africa,South Africa,South Africa,English,Yes,Unemployed (and job seeking)
APPROVED,Not Applicable,2024-09-09T14:34:00.143000Z,2024-09-09T14:39:10.335000Z,2024-09-11T14:31:32.720000Z,2024-09-09T14:40:57.069453Z,311,C10OZW7Z,10,English,22,Male,Black,South Africa,South Africa,South Africa,English,Yes,Unemployed (and job seeking)
APPROVED,Not Applicable,2024-09-09T14:37:43.525000Z,2024-09-09T14:46:34.465000Z,2024-09-11T14:29:15.161000Z,2024-09-09T14:46:36.235827Z,531,C10OZW7Z,5,English,34,Female,Black,South Africa,South Africa,South Africa,English,Yes,Full-Time
APPROVED,Not Applicable,2024-09-09T14:34:28.857000Z,2024-09-09T14:35:43.169000Z,2024-09-11T14:31:37.885000Z,2024-09-09T14:35:46.877367Z,75,C10OZW7Z,0,"Swahili, English",28,Male,Black,Burundi,South Africa,Burundi,English,No,Part-Time
APPROVED,Not Applicable,2024-09-09T14:33:50.285000Z,2024-09-09T14:39:37.506000Z,2024-09-11T14:31:32.315000Z,2024-09-09T14:41:02.905586Z,348,C10OZW7Z,8,English,18,Male,Mixed,South Africa,South Africa,South Africa,English,Yes,Full-Time
APPROVED,Not Applicable,2024-09-09T14:37:17.605000Z,2024-09-09T14:43:17.248000Z,2024-09-11T14:29:28.709000Z,2024-09-09T14:44:34.453229Z,360,C10OZW7Z,2,"Esperanto, English, French",26,Female,Black,Zimbabwe,South Africa,Zimbabwe,English,No,Full-Time
APPROVED,Not Applicable,2024-09-09T14:37:12.736000Z,2024-09-09T14:37:40.058000Z,2024-09-11T14:31:53.923000Z,2024-09-09T14:40:35.865591Z,28,C10OZW7Z,10,English,19,Male,Asian,United Kingdom,United Kingdom,United Kingdom,English,Yes,Part-Time
APPROVED,Not Applicable,2024-09-09T14:40:43.556000Z,2024-09-09T14:44:42.758000Z,2024-09-11T14:32:17.244000Z,2024-09-09T14:45:05.931252Z,240,C10OZW7Z,34,English,52,Male,White,United States,United States,United States,English,No,Full-Time
APPROVED,Not Applicable,2024-09-09T14:43:29.216000Z,2024-09-09T14:45:50.087000Z,2024-09-11T14:32:13.400000Z,2024-09-09T14:45:51.959003Z,141,C10OZW7Z,8,"English, Other",29,Male,Black,Zimbabwe,South Africa,Zimbabwe,Other,No,Other
APPROVED,Not Applicable,2024-09-09T14:37:45.166000Z,2024-09-09T14:39:38.675000Z,2024-09-11T14:31:53.641000Z,2024-09-09T14:41:05.230403Z,114,C10OZW7Z,3,English,31,Male,Black,South Africa,South Africa,South Africa,English,No,Part-Time
APPROVED,Not Applicable,2024-09-09T14:38:13.197000Z,2024-09-09T14:44:41.976000Z,2024-09-11T14:29:49.070000Z,2024-09-09T14:45:05.610503Z,389,C10OZW7Z,11,"Afrikaans, Dutch, English, French, German",20,Female,Black,South Africa,South Africa,South Africa,English,Yes,Part-Time
APPROVED,Not Applicable,2024-09-09T14:37:50.622000Z,2024-09-09T14:40:07.570000Z,2024-09-11T14:31:58.387000Z,2024-09-09T14:41:14.027264Z,137,C10OZW7Z,3,English,19,Male,Black,South Africa,South Africa,South Africa,English,Yes,Unemployed (and job seeking)
APPROVED,Not Applicable,2024-09-09T14:38:07.674000Z,2024-09-09T14:47:55.924000Z,2024-09-11T14:29:44.894000Z,2024-09-09T14:47:56.860964Z,589,C10OZW7Z,12,"Afrikaans, English, Hindi, French, German",44,Female,Asian,South Africa,South Africa,South Africa,English,No,Full-Time
APPROVED,Not Applicable,2024-09-09T14:37:44.293000Z,2024-09-09T14:41:48.441000Z,2024-09-11T14:29:43.838000Z,2024-09-09T14:42:13.529885Z,245,C10OZW7Z,1,English,22,Female,Black,South Africa,South Africa,South Africa,English,Yes,Unemployed (and job seeking)
APPROVED,Not Applicable,2024-09-09T14:35:26.826000Z,2024-09-09T14:42:25.747000Z,2024-09-11T14:31:43.944000Z,2024-09-09T14:42:32.391782Z,419,C10OZW7Z,3,"Greek, English",26,Male,White,Greece,Greece,Greece,Greek,Yes,Part-Time
APPROVED,Not Applicable,2024-09-09T14:39:38.497000Z,2024-09-09T14:44:49.490000Z,2024-09-11T14:30:04.261000Z,2024-09-09T14:45:10.483658Z,311,C10OZW7Z,27,English,37,Female,White,United Kingdom,United Kingdom,United Kingdom,English,No,Full-Time
APPROVED,Not Applicable,2024-09-09T14:39:46.131000Z,2024-09-09T14:41:03.141000Z,2024-09-11T14:32:08.738000Z,2024-09-09T14:41:26.727126Z,78,C10OZW7Z,3,"Pashto, English",26,Male,Asian,Pakistan,France,France,French,Yes,Full-Time
APPROVED,Not Applicable,2024-09-09T14:34:54.736000Z,2024-09-09T14:43:12.528000Z,2024-09-11T14:31:40.983000Z,2024-09-09T14:44:17.146210Z,498,C10OZW7Z,0,"Italian, English",23,Male,White,Switzerland,Switzerland,Switzerland,Italian,Yes,Other
APPROVED,Not Applicable,2024-09-09T14:39:19.025000Z,2024-09-09T14:44:42.667000Z,2024-09-11T14:30:00.636000Z,2024-09-09T14:45:05.013864Z,324,C10OZW7Z,7,English,27,Female,White,South Africa,South Africa,South Africa,English,Yes,Unemployed (and job seeking)
APPROVED,Not Applicable,2024-09-09T14:40:06.567000Z,2024-09-09T14:40:55.679000Z,2024-09-11T14:32:04.216000Z,2024-09-10T07:06:44.899261Z,50,C10OZW7Z,8,"Afrikaans, English",27,Male,Black,South Africa,South Africa,South Africa,English,No,Full-Time
APPROVED,Not Applicable,2024-09-09T14:39:01.132000Z,2024-09-09T14:39:57.358000Z,2024-09-11T14:32:05.085000Z,2024-09-09T14:41:09.213116Z,57,C10OZW7Z,12,English,59,Male,White,United States,United States,United States,English,No,Part-Time
APPROVED,Not Applicable,2024-09-09T14:42:21.821000Z,2024-09-09T14:47:10.499000Z,2024-09-11T14:30:08.019000Z,2024-09-09T14:47:11.524538Z,289,C10OZW7Z,6,English,26,Female,Black,South Africa,South Africa,South Africa,English,No,Full-Time
APPROVED,Not Applicable,2024-09-09T14:38:21.435000Z,2024-09-09T14:47:08.390000Z,2024-09-11T14:32:01.702000Z,2024-09-09T14:47:09.680716Z,527,C10OZW7Z,3,English,28,Male,Black,Zimbabwe,South Africa,Zimbabwe,English,Yes,Unemployed (and job seeking)
APPROVED,Not Applicable,2024-09-09T14:45:12.858000Z,2024-09-09T14:56:08.913000Z,2024-09-11T14:32:00.743000Z,2024-09-09T14:57:20.259492Z,657,C10OZW7Z,17,English,55,Male,Black,United Kingdom,United Kingdom,United Kingdom,English,No,Unemployed (and job seeking)
APPROVED,Not Applicable,2024-09-09T14:39:26.584000Z,2024-09-09T14:46:17.436000Z,2024-09-11T14:30:03.182000Z,2024-09-09T14:46:18.061403Z,411,C10OZW7Z,8,English,50,Female,White,United Kingdom,United Kingdom,United Kingdom,English,No,Part-Time
APPROVED,Not Applicable,2024-09-09T14:38:16.205000Z,2024-09-09T14:45:47.598000Z,2024-09-11T14:29:25.167000Z,2024-09-09T14:45:48.821635Z,452,C10OZW7Z,0,English,55,Female,White,South Africa,South Africa,South Africa,English,No,Part-Time
APPROVED,Not Applicable,2024-09-09T14:41:02.916000Z,2024-09-09T14:46:00.764000Z,2024-09-11T14:32:08.111000Z,2024-09-09T14:46:01.418523Z,298,C10OZW7Z,3,English,19,Male,Black,South Africa,South Africa,South Africa,English,Yes,Full-Time
APPROVED,Not Applicable,2024-09-09T14:37:03.521000Z,2024-09-09T14:45:12.372000Z,2024-09-11T14:29:20.209000Z,2024-09-09T14:45:25.162141Z,489,C10OZW7Z,0,English,29,Female,White,Australia,Germany,Australia,English,No,Unemployed (and job seeking)
APPROVED,Not Applicable,2024-09-09T14:46:20.201000Z,2024-09-09T14:47:03.346000Z,2024-09-11T14:32:38.256000Z,2024-09-09T14:47:05.358137Z,44,C10OZW7Z,6,"English, Greek",32,Male,White,Greece,Greece,Greece,Greek,No,Full-Time
APPROVED,Not Applicable,2024-09-09T14:36:29.119000Z,2024-09-09T14:38:01.679000Z,2024-09-11T14:31:44.842000Z,2024-09-09T14:40:41.725447Z,93,C10OZW7Z,1,English,25,Male,White,United Kingdom,United Kingdom,United Kingdom,French,No,Full-Time
APPROVED,Not Applicable,2024-09-09T14:35:53.558000Z,2024-09-09T14:40:20.615000Z,2024-09-11T14:31:45.652000Z,2024-09-09T14:41:18.415461Z,268,C10OZW7Z,0,"Spanish, Italian, English",24,Male,White,"Venezuela, Bolivarian Republic of",Italy,Italy,Spanish,No,Other
APPROVED,Not Applicable,2024-09-09T14:34:47.378000Z,2024-09-09T14:40:43.223000Z,2024-09-11T14:31:40.557000Z,2024-09-09T14:41:20.091505Z,356,C10OZW7Z,0,"English, Other",25,Male,Black,South Africa,South Africa,South Africa,English,Yes,Full-Time
APPROVED,Not Applicable,2024-09-09T14:40:23.392000Z,2024-09-09T14:42:50.945000Z,2024-09-11T14:32:14.148000Z,2024-09-09T14:43:44.497548Z,148,C10OZW7Z,7,English,22,Male,Mixed,United Kingdom,United Kingdom,United Kingdom,English,Yes,Full-Time
