StartDate,EndDate,Status,Progress,Duration..in.seconds.,Finished,RecordedDate,RecipientLastName,RecipientFirstName,RecipientEmail,ExternalReference,DistributionChannel,UserLanguage,consent,id,v.n1,p.n1,i.n1,u.n1,a.n1,q,v.n2,p.n2,i.n2,u.n2,a.n2,att,v.g1,p.g1,i.g1,u.g1,a.g1,v.g2,p.g2,i.g2,u.g2,a.g2,att.1,FL_14_DO,casefirstrate_DO,casefirstrerate_DO,messagefirstrate_DO,messagefirstrerate_DO
4/3/2024 10:53,4/3/2024 10:57,0,100,212,1,4/3/2024 10:57,,,,,anonymous,EN,1,1,,,,,,"Stating that a parcel is fragile, even if it isn’t, could make the courier handle it with more care. Therefore, this could reduce damage in transit that could cost the sender. ",,,,,,,2,1,2,3,2,2,2,3,2,3,4,FL_53,,,Q151|Q152|a.g1|i.g1|u.g1|p.g1|v.g1,Q175|Q177|u.g2|a.g2|att|i.g2|p.g2|v.g2
4/3/2024 10:59,4/3/2024 11:00,0,100,88,1,4/3/2024 11:00,,,,,anonymous,EN,1,2,,,,,,That shipments have to look more fragile than they really are so that they are treated with care by transport companies.,,,,,,,3,3,4,4,4,3,4,5,4,4,4,FL_53,,,Q151|Q152|p.g1|i.g1|a.g1|v.g1|u.g1,Q175|Q177|i.g2|v.g2|u.g2|att|p.g2|a.g2
4/3/2024 11:03,4/3/2024 11:05,0,100,110,1,4/3/2024 11:05,,,,,anonymous,EN,1,3,,,,,,I think fragile packaging make people more careful and aware of what’s going on,,,,,,,4,5,6,5,6,5,5,5,5,4,4,FL_53,,,Q151|Q152|a.g1|i.g1|v.g1|u.g1|p.g1,Q175|Q177|i.g2|a.g2|att|u.g2|p.g2|v.g2
4/3/2024 10:55,4/3/2024 11:07,0,100,725,1,4/3/2024 11:07,,,,,anonymous,EN,1,4,4,3,4,2,3,"This lesson affirms that sometimes you need to lie for your message to be respected or clearer. By changing the image of the box, the workers are more respectful because they know it is something fragile inside. However it shouldn't, because worker should respect every item the same.",3,2,3,2,3,4,,,,,,,,,,,,FL_51,Q129|Q56|v.n1|p.n1|u.n1|i.n1|a.n1,Q142|Q144|i.n2|att|u.n2|p.n2|a.n2|v.n2,,
4/3/2024 11:07,4/3/2024 11:09,0,100,127,1,4/3/2024 11:09,,,,,anonymous,EN,1,5,,,,,,This is something simple that we never really pay attention to and it helps so much in terms of the human psyche.,,,,,,,7,5,6,5,6,5,5,7,6,6,4,FL_53,,,Q151|Q152|v.g1|i.g1|p.g1|u.g1|a.g1,Q175|Q177|i.g2|a.g2|p.g2|v.g2|att|u.g2
4/3/2024 11:08,4/3/2024 11:10,0,100,138,1,4/3/2024 11:10,,,,,anonymous,EN,1,6,,,,,,It just made me realize that perception is important when taking care of mail and if i ever ship anything out i will put regard it as fragile as well,,,,,,,5,4,4,4,5,5,5,4,5,4,4,FL_53,,,Q151|Q152|v.g1|u.g1|a.g1|p.g1|i.g1,Q175|Q177|u.g2|p.g2|v.g2|i.g2|a.g2|att
4/3/2024 11:09,4/3/2024 11:11,0,100,98,1,4/3/2024 11:11,,,,,anonymous,EN,1,7,5,6,6,4,4,someone will treat things differently if they think it’s something else ,5,6,5,5,4,4,,,,,,,,,,,,FL_51,Q129|Q56|u.n1|p.n1|v.n1|i.n1|a.n1,Q142|Q144|a.n2|att|i.n2|v.n2|u.n2|p.n2,,
4/3/2024 11:07,4/3/2024 11:11,0,100,220,1,4/3/2024 11:11,,,,,anonymous,EN,1,8,4,5,2,3,3,"I learnt how packages are handled by transport companies, and the measures needed to be taken, to help prevent damages.",3,3,4,3,4,4,,,,,,,,,,,,FL_51,Q129|Q56|p.n1|v.n1|a.n1|u.n1|i.n1,Q142|Q144|u.n2|p.n2|i.n2|v.n2|att|a.n2,,
4/3/2024 11:09,4/3/2024 11:12,0,100,147,1,4/3/2024 11:12,,,,,anonymous,EN,1,9,,,,,,If I package items in a manner that it would appear they are fragile they will be handled by the courier company in a better way,,,,,,,3,3,4,4,4,4,4,4,4,5,4,FL_53,,,Q151|Q152|v.g1|p.g1|i.g1|a.g1|u.g1,Q175|Q177|att|v.g2|i.g2|u.g2|p.g2|a.g2
4/3/2024 11:09,4/3/2024 11:12,0,100,178,1,4/3/2024 11:12,,,,,anonymous,EN,1,10,,,,,,learnt that companies that package their goods to resemble that of fragile goods reduces product damages during shipping.,,,,,,,6,7,7,6,7,6,6,7,6,7,4,FL_53,,,Q151|Q152|i.g1|v.g1|u.g1|a.g1|p.g1,Q175|Q177|i.g2|p.g2|a.g2|u.g2|v.g2|att
4/3/2024 11:09,4/3/2024 11:12,0,100,166,1,4/3/2024 11:12,,,,,anonymous,EN,1,11,,,,,,I learned that packaging items that resemble more fragile items can reduce damage to items in transit.,,,,,,,2,2,2,1,1,2,2,2,1,1,4,FL_53,,,Q151|Q152|u.g1|i.g1|p.g1|v.g1|a.g1,Q175|Q177|i.g2|att|u.g2|p.g2|v.g2|a.g2
4/3/2024 11:10,4/3/2024 11:12,0,100,117,1,4/3/2024 11:12,,,,,anonymous,EN,1,12,5,6,6,5,4,That shipping companies take greater care with items when they perceive them to be more fragile ,3,4,4,4,5,4,,,,,,,,,,,,FL_51,Q129|Q56|p.n1|v.n1|a.n1|i.n1|u.n1,Q142|Q144|att|a.n2|u.n2|p.n2|i.n2|v.n2,,
4/3/2024 11:08,4/3/2024 11:12,0,100,240,1,4/3/2024 11:12,,,,,anonymous,EN,1,13,7,7,7,7,7,I learned a new method in which the product I get to sell would not be damaged when shipping. Basically if I sell a bicycle but I get reports that my produc end up arriving damaged to the customers I have the option to put a fake advertising that my produc is not a bicycle but it's a new TV so my product wouldn't arrive to a customer damaged.,7,7,7,7,7,4,,,,,,,,,,,,FL_51,Q129|Q56|v.n1|u.n1|a.n1|i.n1|p.n1,Q142|Q144|p.n2|i.n2|v.n2|att|a.n2|u.n2,,
4/3/2024 11:09,4/3/2024 11:13,0,100,248,1,4/3/2024 11:13,,,,,anonymous,EN,1,14,,,,,,"More or less, If I pack the shipments as if they were fragile items I would have less problems because the couriers will treat the shipments as fragile.",,,,,,,4,5,5,4,3,4,4,4,5,3,4,FL_53,,,Q151|Q152|p.g1|v.g1|i.g1|u.g1|a.g1,Q175|Q177|att|u.g2|p.g2|i.g2|a.g2|v.g2
4/3/2024 11:11,4/3/2024 11:13,0,100,129,1,4/3/2024 11:13,,,,,anonymous,EN,1,15,,,,,,"That if you package stuff and make it noticeably obvious it’s fragile, the couriers will be more careful with the package ",,,,,,,2,1,4,2,4,2,1,1,2,2,4,FL_53,,,Q151|Q152|p.g1|i.g1|a.g1|u.g1|v.g1,Q175|Q177|i.g2|a.g2|att|u.g2|v.g2|p.g2
4/3/2024 11:10,4/3/2024 11:13,0,100,170,1,4/3/2024 11:13,,,,,anonymous,EN,1,16,3,3,3,3,4,The solution to a problem is not always very difficult to come up with,3,3,3,3,4,4,,,,,,,,,,,,FL_51,Q129|Q56|u.n1|i.n1|a.n1|v.n1|p.n1,Q142|Q144|v.n2|i.n2|u.n2|p.n2|a.n2|att,,
4/3/2024 11:12,4/3/2024 11:13,0,100,55,1,4/3/2024 11:13,,,,,anonymous,EN,1,17,,,,,,I learned nothing new. I already had a good idea of how packages are perceived.,,,,,,,2,3,3,2,2,1,1,1,1,3,4,FL_53,,,Q151|Q152|u.g1|a.g1|p.g1|i.g1|v.g1,Q175|Q177|v.g2|att|a.g2|p.g2|u.g2|i.g2
4/3/2024 11:11,4/3/2024 11:13,0,100,134,1,4/3/2024 11:13,,,,,anonymous,EN,1,18,,,,,,"It is more effective and efficient to take great care packaging products, even if not considered entirely necessary. Better to treat them more frsgile and with greater care than not, as prevents damage",,,,,,,4,4,3,3,4,4,3,3,4,4,4,FL_53,,,Q151|Q152|a.g1|p.g1|u.g1|v.g1|i.g1,Q175|Q177|a.g2|v.g2|p.g2|att|u.g2|i.g2
4/3/2024 11:11,4/3/2024 11:14,0,100,128,1,4/3/2024 11:14,,,,,anonymous,EN,1,19,3,1,4,2,2,making something look more breakable causes people to treat it with more care,3,4,2,2,1,4,,,,,,,,,,,,FL_51,Q129|Q56|i.n1|v.n1|a.n1|p.n1|u.n1,Q142|Q144|p.n2|v.n2|a.n2|att|u.n2|i.n2,,
4/3/2024 11:13,4/3/2024 11:14,0,100,73,1,4/3/2024 11:14,,,,,anonymous,EN,1,20,5,5,5,5,5,Learnt to be clever to find solutions - to think outside the box,5,5,5,5,5,4,,,,,,,,,,,,FL_51,Q129|Q56|u.n1|i.n1|v.n1|p.n1|a.n1,Q142|Q144|a.n2|p.n2|v.n2|u.n2|att|i.n2,,
4/3/2024 11:13,4/3/2024 11:15,0,100,114,1,4/3/2024 11:15,,,,,anonymous,EN,1,21,,,,,,Using fragile label can help my packages be delivered with care.,,,,,,,5,4,4,3,4,5,5,3,3,4,4,FL_53,,,Q151|Q152|p.g1|v.g1|a.g1|i.g1|u.g1,Q175|Q177|v.g2|p.g2|u.g2|att|a.g2|i.g2
4/3/2024 11:12,4/3/2024 11:15,0,100,209,1,4/3/2024 11:15,,,,,anonymous,EN,1,22,5,5,5,5,5,People don't give value to the objects that are unidentified. As in without knowing what's in the box person will most likely treat it without consideration. ,5,4,5,5,5,5,,,,,,,,,,,,FL_51,Q129|Q56|v.n1|a.n1|p.n1|u.n1|i.n1,Q142|Q144|i.n2|u.n2|p.n2|v.n2|att|a.n2,,
4/3/2024 11:10,4/3/2024 11:15,0,100,344,1,4/3/2024 11:15,,,,,anonymous,EN,1,23,5,5,4,5,4,bikes don't seem so delicate. I think people are generally afraid of destroying electronics. That's why this idea came to fruition,5,5,5,5,4,4,,,,,,,,,,,,FL_51,Q129|Q56|u.n1|a.n1|v.n1|i.n1|p.n1,Q142|Q144|u.n2|i.n2|a.n2|p.n2|att|v.n2,,
4/3/2024 11:15,4/3/2024 11:17,0,100,93,1,4/3/2024 11:17,,,,,anonymous,EN,1,24,,,,,,I learnt that if you package fragile items accordingly you are less likely to incur damage.,,,,,,,5,2,4,5,6,4,3,4,5,5,4,FL_53,,,Q151|Q152|v.g1|i.g1|a.g1|u.g1|p.g1,Q175|Q177|p.g2|att|a.g2|u.g2|v.g2|i.g2
4/3/2024 11:15,4/3/2024 11:18,0,100,143,1,4/3/2024 11:18,,,,,anonymous,EN,1,25,,,,,,How you package ,,,,,,,2,1,3,3,2,2,1,2,2,2,4,FL_53,,,Q151|Q152|i.g1|a.g1|u.g1|p.g1|v.g1,Q175|Q177|a.g2|p.g2|i.g2|u.g2|v.g2|att
4/3/2024 11:16,4/3/2024 11:18,0,100,133,1,4/3/2024 11:18,,,,,anonymous,EN,1,26,,,,,,If I package items pretending they are fragile they will be handled better,,,,,,,2,2,2,2,3,2,2,2,2,2,4,FL_53,,,Q151|Q152|a.g1|p.g1|i.g1|u.g1|v.g1,Q175|Q177|v.g2|att|u.g2|a.g2|i.g2|p.g2
4/3/2024 11:13,4/3/2024 11:18,0,100,317,1,4/3/2024 11:18,,,,,anonymous,EN,1,27,5,5,5,4,4,"By implying that the package was a tv and mot a cycle, the company used the human response of looking after a tv screen rather than thinkg that ""it was only a cycle "" inside the package. I think that this was a clever move by the company. ",4,4,5,5,4,4,,,,,,,,,,,,FL_51,Q129|Q56|u.n1|p.n1|v.n1|i.n1|a.n1,Q142|Q144|u.n2|i.n2|p.n2|v.n2|att|a.n2,,
4/3/2024 11:16,4/3/2024 11:19,0,100,142,1,4/3/2024 11:19,,,,,anonymous,EN,1,28,4,4,4,6,5,I read about a similar idea before and its very clever and efficient way how solving the problem,5,5,5,5,5,4,,,,,,,,,,,,FL_51,Q129|Q56|u.n1|a.n1|p.n1|i.n1|v.n1,Q142|Q144|u.n2|i.n2|v.n2|att|a.n2|p.n2,,
4/3/2024 11:16,4/3/2024 11:19,0,100,175,1,4/3/2024 11:19,,,,,anonymous,EN,1,29,7,6,7,7,5,that the delivery drivers will treat a known object such as a TV with greater care than a bike.  It is known that a TV is fragile so the parcel is treated with greater care than if it was just a bike.,6,5,7,6,5,4,,,,,,,,,,,,FL_51,Q129|Q56|p.n1|a.n1|v.n1|i.n1|u.n1,Q142|Q144|u.n2|att|p.n2|a.n2|v.n2|i.n2,,
4/3/2024 11:15,4/3/2024 11:19,0,100,234,1,4/3/2024 11:19,,,,,anonymous,EN,1,30,4,4,5,5,5,New inventions and improvements are made on bicycles like anti theft ,5,4,4,4,5,4,,,,,,,,,,,,FL_51,Q129|Q56|a.n1|u.n1|v.n1|i.n1|p.n1,Q142|Q144|p.n2|a.n2|u.n2|att|v.n2|i.n2,,
4/3/2024 11:16,4/3/2024 11:20,0,100,220,1,4/3/2024 11:20,,,,,anonymous,EN,1,31,,,,,,I learned to pay more attention to the packaging of products.,,,,,,,4,4,5,3,5,5,4,3,4,4,4,FL_53,,,Q151|Q152|p.g1|a.g1|i.g1|u.g1|v.g1,Q175|Q177|p.g2|v.g2|a.g2|u.g2|att|i.g2
4/3/2024 11:19,4/3/2024 11:20,0,100,86,1,4/3/2024 11:20,,,,,anonymous,EN,1,32,,,,,,"It's a smart way to make your parcels look like fragile items to ensure it is delivered safely, without damages",,,,,,,5,5,6,5,5,5,3,4,4,4,4,FL_53,,,Q151|Q152|i.g1|p.g1|a.g1|v.g1|u.g1,Q175|Q177|v.g2|att|u.g2|a.g2|p.g2|i.g2
4/3/2024 11:16,4/3/2024 11:20,0,100,230,1,4/3/2024 11:20,,,,,anonymous,EN,1,33,,,,,,"I learned that if you wrap a package for postage in a certain way, it gives the impression that the contents are particularly fragile. This is useful as it suggests that by following this advice, your parcel may be less likely to be damaged as people treat it with more care/perceive it to be fragile or valuable.  ",,,,,,,4,4,4,5,4,4,4,4,4,5,4,FL_53,,,Q151|Q152|v.g1|u.g1|p.g1|i.g1|a.g1,Q175|Q177|a.g2|p.g2|att|u.g2|i.g2|v.g2
4/3/2024 11:17,4/3/2024 11:20,0,100,179,1,4/3/2024 11:20,,,,,anonymous,EN,1,34,3,3,3,3,2,I consider it to be slightly fraudulent to misrepresent the contents of a parcel.,3,3,3,3,2,4,,,,,,,,,,,,FL_51,Q129|Q56|u.n1|p.n1|i.n1|v.n1|a.n1,Q142|Q144|a.n2|att|u.n2|i.n2|p.n2|v.n2,,
4/3/2024 11:18,4/3/2024 11:20,0,100,108,1,4/3/2024 11:20,,,,,anonymous,EN,1,35,,,,,,This is just my opinion based on what i read so this is my own feeling.,,,,,,,5,3,4,5,4,4,5,4,5,3,4,FL_53,,,Q151|Q152|p.g1|i.g1|a.g1|v.g1|u.g1,Q175|Q177|i.g2|att|v.g2|a.g2|p.g2|u.g2
4/3/2024 11:17,4/3/2024 11:20,0,100,191,1,4/3/2024 11:20,,,,,anonymous,EN,1,36,,,,,,"no matter what product is being shipped, if the design of the packaging makes the product look like it could break then the chances of it being broken are reduced due to the extra care taken by the courier",,,,,,,4,3,5,5,4,4,4,5,4,4,4,FL_53,,,Q151|Q152|v.g1|u.g1|i.g1|p.g1|a.g1,Q175|Q177|v.g2|att|i.g2|u.g2|a.g2|p.g2
4/3/2024 11:18,4/3/2024 11:20,0,100,148,1,4/3/2024 11:20,,,,,anonymous,EN,1,37,3,3,3,4,6,By using a different way to pack bikes ,3,3,3,3,2,4,,,,,,,,,,,,FL_51,Q129|Q56|a.n1|u.n1|i.n1|p.n1|v.n1,Q142|Q144|i.n2|u.n2|att|v.n2|p.n2|a.n2,,
4/3/2024 11:17,4/3/2024 11:21,0,100,216,1,4/3/2024 11:21,,,,,anonymous,EN,1,38,,,,,,From this situation is goes to show that the worth we give to products can derive from its appearance. Therefore in a practical situation we can adapt this lesson to other areas where appearance can be more powerfull than its actual content,,,,,,,4,3,3,4,4,4,3,3,4,4,4,FL_53,,,Q151|Q152|p.g1|i.g1|a.g1|u.g1|v.g1,Q175|Q177|p.g2|i.g2|a.g2|v.g2|u.g2|att
4/3/2024 11:17,4/3/2024 11:21,0,100,231,1,4/3/2024 11:21,,,,,anonymous,EN,1,39,5,4,5,5,5,"This is a good example of out-of-the-box thinking (pun intended). Although honestly judging by how ihr local couriers treat parcels, I am surprised that it made a difference that they thought the parcels contained tv screens.  ",5,5,5,5,5,4,,,,,,,,,,,,FL_51,Q129|Q56|v.n1|p.n1|u.n1|a.n1|i.n1,Q142|Q144|p.n2|a.n2|att|v.n2|i.n2|u.n2,,
4/3/2024 11:11,4/3/2024 11:21,0,100,597,1,4/3/2024 11:21,,,,,anonymous,EN,1,40,7,7,7,7,6,"I learnt thatwhen shipping or transporting goods, the staff in that department can be very careless especially if they dont know whats in the package. Its possible certain items are just thrown and piles on top of each other without any care. Its always advisable to label items being transported as delicate or handle with care so the other person on the other side is aware. You can also LIE of whats being transported so they are extra cautious or else the company will run into a loss. When damaged it would be easy to hold them accountable since they were warned.",7,7,7,7,6,7,,,,,,,,,,,,FL_51,Q129|Q56|u.n1|i.n1|a.n1|v.n1|p.n1,Q142|Q144|i.n2|u.n2|p.n2|v.n2|a.n2|att,,
4/3/2024 11:19,4/3/2024 11:21,0,100,115,1,4/3/2024 11:21,,,,,anonymous,EN,1,41,,,,,,Something I’ve never thought of. Essentially tricking handlers into a false pretence to take additional care.,,,,,,,4,5,6,6,6,5,5,6,5,7,4,FL_53,,,Q151|Q152|p.g1|v.g1|a.g1|u.g1|i.g1,Q175|Q177|u.g2|v.g2|i.g2|p.g2|att|a.g2
4/3/2024 11:17,4/3/2024 11:21,0,100,225,1,4/3/2024 11:21,,,,,anonymous,EN,1,42,2,1,3,3,5,"I learnt that if a parcel box is blank it is likely to be handled without care and highly likely to be damaged. If you place a picture of something fragile on the box it is more likely to be handled with care, ",3,2,2,5,4,4,,,,,,,,,,,,FL_51,Q129|Q56|i.n1|u.n1|a.n1|p.n1|v.n1,Q142|Q144|u.n2|v.n2|p.n2|att|i.n2|a.n2,,
4/3/2024 11:19,4/3/2024 11:21,0,100,136,1,4/3/2024 11:21,,,,,anonymous,EN,1,43,,,,,,Packaging products to look like a more fragile product can reduce breakage during shipping.,,,,,,,2,2,2,2,2,2,2,2,2,2,4,FL_53,,,Q151|Q152|a.g1|i.g1|p.g1|u.g1|v.g1,Q175|Q177|att|u.g2|i.g2|a.g2|v.g2|p.g2
4/3/2024 11:20,4/3/2024 11:22,0,100,105,1,4/3/2024 11:22,,,,,anonymous,EN,1,44,,,,,,"Something I already suspected, but makes absolute sense. Now it has been confirmed.",,,,,,,4,4,4,5,4,4,4,4,4,4,4,FL_53,,,Q151|Q152|v.g1|p.g1|u.g1|i.g1|a.g1,Q175|Q177|p.g2|v.g2|a.g2|att|u.g2|i.g2
4/3/2024 11:20,4/3/2024 11:22,0,100,92,1,4/3/2024 11:22,,,,,anonymous,EN,1,45,4,5,5,4,4,"about the value people place on certain items, a tv is considered fragile whilst an item of much higher value is ignored",5,5,5,5,5,4,,,,,,,,,,,,FL_51,Q129|Q56|v.n1|u.n1|a.n1|i.n1|p.n1,Q142|Q144|i.n2|att|a.n2|p.n2|v.n2|u.n2,,
4/3/2024 11:20,4/3/2024 11:22,0,100,125,1,4/3/2024 11:22,,,,,anonymous,EN,1,46,,,,,,"If you package a product as if it was more fragile than it actually is, you will have less damaged products during transit. ",,,,,,,3,3,3,3,3,3,3,3,3,3,4,FL_53,,,Q151|Q152|p.g1|i.g1|v.g1|u.g1|a.g1,Q175|Q177|a.g2|att|i.g2|v.g2|p.g2|u.g2
4/3/2024 11:13,4/3/2024 11:22,0,100,547,1,4/3/2024 11:22,,,,,anonymous,EN,1,47,7,7,7,7,7,I learnt that you have to be smart to come up with a plan to safeguard your assets and a bit devious into fooling people to protect your goods or property.,7,7,7,7,7,4,,,,,,,,,,,,FL_51,Q129|Q56|v.n1|i.n1|u.n1|p.n1|a.n1,Q142|Q144|v.n2|a.n2|u.n2|att|i.n2|p.n2,,
4/3/2024 11:20,4/3/2024 11:22,0,100,130,1,4/3/2024 11:22,,,,,anonymous,EN,1,48,,,,,,if you make a package seem somewhat fragile. it will be treated much better than the alternative,,,,,,,7,7,7,7,5,7,7,7,7,5,4,FL_53,,,Q151|Q152|p.g1|i.g1|u.g1|a.g1|v.g1,Q175|Q177|u.g2|p.g2|att|v.g2|i.g2|a.g2
4/3/2024 11:18,4/3/2024 11:22,0,100,284,1,4/3/2024 11:22,,,,,anonymous,EN,1,49,,,,,,Companies can reduce products damages by superficially packaging them.,,,,,,,2,2,2,2,2,2,1,2,2,2,4,FL_53,,,Q151|Q152|p.g1|a.g1|i.g1|v.g1|u.g1,Q175|Q177|v.g2|a.g2|i.g2|att|p.g2|u.g2
4/3/2024 11:20,4/3/2024 11:23,0,100,172,1,4/3/2024 11:23,,,,,anonymous,EN,1,50,,,,,,"The perception of a product being fragile may cause handlers to be more careful. This is could be useful to reduce breakages in transit, reducing lost profits. While this didn't help me in a commercial sense, it may cause me to package things differently in future.",,,,,,,1,3,3,2,2,2,3,3,2,3,4,FL_53,,,Q151|Q152|p.g1|v.g1|a.g1|i.g1|u.g1,Q175|Q177|p.g2|u.g2|a.g2|i.g2|v.g2|att
4/3/2024 11:19,4/3/2024 11:23,0,100,194,1,4/3/2024 11:23,,,,,anonymous,EN,1,51,6,4,5,5,3,"By tricking shipping companies into thinking that what they were transporting was something that is naturally considered very delicate, they managed to have their product treated with more delicacy than that associated with that necessary for a bicycle.",5,4,5,5,3,4,,,,,,,,,,,,FL_51,Q129|Q56|v.n1|p.n1|u.n1|i.n1|a.n1,Q142|Q144|u.n2|a.n2|att|v.n2|i.n2|p.n2,,
4/3/2024 11:21,4/3/2024 11:23,0,100,124,1,4/3/2024 11:23,,,,,anonymous,EN,1,52,,,,,,If you package goods as if they are valuable it will reduce damage.,,,,,,,2,2,2,2,2,2,2,3,3,3,4,FL_53,,,Q151|Q152|v.g1|p.g1|a.g1|i.g1|u.g1,Q175|Q177|att|p.g2|v.g2|u.g2|a.g2|i.g2
4/3/2024 11:21,4/3/2024 11:23,0,100,138,1,4/3/2024 11:23,,,,,anonymous,EN,1,53,,,,,,all it made me think was to not cut corners and be honest about the product ,,,,,,,1,1,2,1,1,5,5,4,3,3,4,FL_53,,,Q151|Q152|u.g1|v.g1|p.g1|a.g1|i.g1,Q175|Q177|p.g2|v.g2|i.g2|a.g2|u.g2|att
4/3/2024 11:21,4/3/2024 11:23,0,100,158,1,4/3/2024 11:23,,,,,anonymous,EN,1,54,,,,,,Companies will package their products to look like other more fragile products in the hopes that they will be treated with more care during shipping. ,,,,,,,4,2,3,3,3,2,3,3,3,3,4,FL_53,,,Q151|Q152|v.g1|a.g1|i.g1|p.g1|u.g1,Q175|Q177|a.g2|u.g2|i.g2|p.g2|v.g2|att
4/3/2024 11:18,4/3/2024 11:23,0,100,298,1,4/3/2024 11:23,,,,,anonymous,EN,1,55,5,4,6,2,3,It appears that the delivery drivers were mishandling the bikes and when changed to something familiar and delicate they handled it with care,2,4,5,2,2,4,,,,,,,,,,,,FL_51,Q129|Q56|v.n1|i.n1|p.n1|a.n1|u.n1,Q142|Q144|att|i.n2|p.n2|v.n2|a.n2|u.n2,,
4/3/2024 11:22,4/3/2024 11:23,0,100,104,1,4/3/2024 11:23,,,,,anonymous,EN,1,56,,,,,,package things as if they were fragile,,,,,,,2,1,2,2,2,2,2,2,3,2,4,FL_53,,,Q151|Q152|i.g1|a.g1|u.g1|p.g1|v.g1,Q175|Q177|att|u.g2|i.g2|v.g2|p.g2|a.g2
4/3/2024 11:20,4/3/2024 11:24,0,100,245,1,4/3/2024 11:24,,,,,anonymous,EN,1,57,5,5,5,6,5,BY printing a tv on sides of the boxes. they would handle the boxes with more care casue  tv screens break easy. but if they just thought it was a bike made metal they be more careless. teaches u lesson sometimes things ant what they seem and wee white lie can do yourself and ur company good .  ,5,5,5,5,5,4,,,,,,,,,,,,FL_51,Q129|Q56|i.n1|a.n1|p.n1|v.n1|u.n1,Q142|Q144|p.n2|i.n2|u.n2|v.n2|att|a.n2,,
4/3/2024 11:21,4/3/2024 11:24,0,100,169,1,4/3/2024 11:24,,,,,anonymous,EN,1,58,5,5,5,5,5,People are more understanding when they have more information.,5,5,5,5,5,4,,,,,,,,,,,,FL_51,Q129|Q56|i.n1|u.n1|p.n1|v.n1|a.n1,Q142|Q144|a.n2|att|u.n2|p.n2|v.n2|i.n2,,
4/3/2024 11:22,4/3/2024 11:24,0,100,113,1,4/3/2024 11:24,,,,,anonymous,EN,1,59,3,1,3,3,2,that you can manipulate the world to suit your needs,2,1,2,2,2,4,,,,,,,,,,,,FL_51,Q129|Q56|v.n1|a.n1|i.n1|u.n1|p.n1,Q142|Q144|p.n2|a.n2|v.n2|i.n2|att|u.n2,,
4/3/2024 11:22,4/3/2024 11:24,0,100,120,1,4/3/2024 11:24,,,,,anonymous,EN,1,60,,,,,,"My insight on this is, if you package things a certain way that they will be handled with more care",,,,,,,4,2,3,4,3,3,2,3,3,2,4,FL_53,,,Q151|Q152|u.g1|i.g1|v.g1|a.g1|p.g1,Q175|Q177|p.g2|u.g2|att|i.g2|v.g2|a.g2
4/3/2024 11:21,4/3/2024 11:24,0,100,155,1,4/3/2024 11:24,,,,,anonymous,EN,1,61,,,,,,Packaging something to look fragile will reduce damage when shipping. This implies that people who work in the shipping industry treat packages that appear to be fragile better than those that don't. ,,,,,,,2,1,5,3,5,2,2,2,3,5,4,FL_53,,,Q151|Q152|a.g1|i.g1|p.g1|u.g1|v.g1,Q175|Q177|a.g2|p.g2|v.g2|u.g2|i.g2|att
4/3/2024 11:19,4/3/2024 11:24,0,100,325,1,4/3/2024 11:24,,,,,anonymous,EN,1,62,,,,,,The companies package certain products in a certain way depending on the fragility of the product while still trying to make it look appealing.,,,,,,,4,4,5,6,6,5,5,4,5,6,4,FL_53,,,Q151|Q152|i.g1|u.g1|v.g1|a.g1|p.g1,Q175|Q177|u.g2|p.g2|a.g2|i.g2|v.g2|att
4/3/2024 11:22,4/3/2024 11:24,0,100,141,1,4/3/2024 11:24,,,,,anonymous,EN,1,63,6,6,5,6,5,The idea described was ingenious and a great example of left field thinking ,6,6,5,5,5,4,,,,,,,,,,,,FL_51,Q129|Q56|v.n1|u.n1|a.n1|i.n1|p.n1,Q142|Q144|a.n2|att|p.n2|v.n2|i.n2|u.n2,,
4/3/2024 11:23,4/3/2024 11:25,0,100,119,1,4/3/2024 11:25,,,,,anonymous,EN,1,64,,,,,,"People judge something not purely by its actual characteristics, but also by how it is presented.",,,,,,,5,4,5,4,4,5,4,5,5,4,4,FL_53,,,Q151|Q152|i.g1|v.g1|p.g1|a.g1|u.g1,Q175|Q177|att|a.g2|u.g2|v.g2|i.g2|p.g2
4/3/2024 11:21,4/3/2024 11:25,0,100,181,1,4/3/2024 11:25,,,,,anonymous,EN,1,65,,,,,,It gives us insight into how we should package things so that they are not damaged ,,,,,,,4,3,3,3,3,3,3,3,3,3,4,FL_53,,,Q151|Q152|i.g1|v.g1|a.g1|p.g1|u.g1,Q175|Q177|a.g2|att|p.g2|v.g2|u.g2|i.g2
4/3/2024 11:18,4/3/2024 11:25,0,100,401,1,4/3/2024 11:25,,,,,anonymous,EN,1,66,6,6,5,4,3,"Because the shippers were damaging the product before it got to the buyers, it was costing the company a lot so they thought of a way to minimize damage to bicycle by prioritizing the packaging and it worked out.",5,4,4,4,4,4,,,,,,,,,,,,FL_51,Q129|Q56|v.n1|p.n1|a.n1|i.n1|u.n1,Q142|Q144|v.n2|u.n2|a.n2|i.n2|p.n2|att,,
4/3/2024 11:18,4/3/2024 11:25,0,100,416,1,4/3/2024 11:25,,,,,anonymous,EN,1,67,4,3,5,1,2,"The insight gained from the information I just read was about a dutch company who sold high-end value bicycles that could come with added value products such as anti theft, etc. The company had a goal to reach by the end of the decade of 90% sales sold online. They are struggling as the shipping company is not taking care of the bicycles when transporting to the customer. This most likely would have affected their sales negatively. An employee came up with an idea to hide the original contents which in my opinion was a worse idea as a TV is more likely to be stolen especially if it is a high end one that is being 'marketed'. Yes it could potentially solve the current issue of damage however long term, other issues would come like theft. Its also very deceiving to customers as they might think that the company is selling cheap knockoffs as they can't afford the correct packaging cardboard. Many comsumers love the feeling of opening something that they enjoy. Bicycle enthusiastics would most likely be upset when receiving this new style of packaging.",2,1,4,2,3,4,,,,,,,,,,,,FL_51,Q129|Q56|v.n1|p.n1|i.n1|u.n1|a.n1,Q142|Q144|i.n2|a.n2|att|v.n2|u.n2|p.n2,,
4/3/2024 11:23,4/3/2024 11:25,0,100,155,1,4/3/2024 11:25,,,,,anonymous,EN,1,68,6,6,7,6,6,The insight that I've learnt is that sometimes little lies that hurt no one can help you achieve your goal.,7,7,7,7,7,4,,,,,,,,,,,,FL_51,Q129|Q56|p.n1|a.n1|i.n1|v.n1|u.n1,Q142|Q144|i.n2|u.n2|att|p.n2|v.n2|a.n2,,
4/3/2024 11:21,4/3/2024 11:25,0,100,243,1,4/3/2024 11:25,,,,,anonymous,EN,1,69,5,2,3,3,2,As soon as people are aware that they are handling delicate products that can easily be damaged they handle it more carefully. If you know this you can use this to your advantage.,3,2,3,3,2,4,,,,,,,,,,,,FL_51,Q129|Q56|v.n1|p.n1|a.n1|u.n1|i.n1,Q142|Q144|v.n2|a.n2|u.n2|i.n2|p.n2|att,,
4/3/2024 11:23,4/3/2024 11:25,0,100,129,1,4/3/2024 11:25,,,,,anonymous,EN,1,70,,,,,,"That companies have various, unique strategies to be effective in how they deliver their products",,,,,,,3,4,3,3,2,3,3,3,3,2,4,FL_53,,,Q151|Q152|i.g1|p.g1|a.g1|u.g1|v.g1,Q175|Q177|a.g2|u.g2|att|p.g2|v.g2|i.g2
4/3/2024 11:22,4/3/2024 11:25,0,100,221,1,4/3/2024 11:25,,,,,anonymous,EN,1,71,,,,,,"This information is not very useful to me right now since i do not ship anything on mail, but in the future for me or someone else this could be useful to know",,,,,,,4,5,4,3,3,4,5,3,3,5,4,FL_53,,,Q151|Q152|p.g1|u.g1|i.g1|a.g1|v.g1,Q175|Q177|p.g2|u.g2|a.g2|att|v.g2|i.g2
4/3/2024 11:22,4/3/2024 11:25,0,100,221,1,4/3/2024 11:25,,,,,anonymous,EN,1,72,,,,,,Good packaging is ideal when packaging your products,,,,,,,6,5,5,6,6,5,6,5,6,6,4,FL_53,,,Q151|Q152|i.g1|a.g1|p.g1|u.g1|v.g1,Q175|Q177|a.g2|v.g2|att|u.g2|i.g2|p.g2
4/3/2024 11:23,4/3/2024 11:26,0,100,168,1,4/3/2024 11:26,,,,,anonymous,EN,1,73,,,,,,"If a company makes their product's packaging look like the contents might be fragile, then their product has a better chance of arriving with minimal to no damage. ",,,,,,,1,3,3,1,1,1,1,3,1,1,4,FL_53,,,Q151|Q152|u.g1|v.g1|a.g1|p.g1|i.g1,Q175|Q177|a.g2|p.g2|att|u.g2|i.g2|v.g2
4/3/2024 11:24,4/3/2024 11:26,0,100,108,1,4/3/2024 11:26,,,,,anonymous,EN,1,74,5,7,7,7,7,I think it is a good idea however it is alarming that we would have to result to such matters. The fact that delivery services are just not up to scratch resulting in us having to decieve them. ,7,7,7,7,7,4,,,,,,,,,,,,FL_51,Q129|Q56|v.n1|p.n1|u.n1|i.n1|a.n1,Q142|Q144|att|a.n2|p.n2|v.n2|u.n2|i.n2,,
4/3/2024 11:24,4/3/2024 11:26,0,100,118,1,4/3/2024 11:26,,,,,anonymous,EN,1,75,,,,,,"I learned that I can package a product in a way that a more fragile product would be, so that the shipping company would treat it like one. ",,,,,,,1,3,3,2,2,2,3,3,3,2,4,FL_53,,,Q151|Q152|v.g1|a.g1|u.g1|p.g1|i.g1,Q175|Q177|a.g2|i.g2|p.g2|v.g2|u.g2|att
4/3/2024 11:21,4/3/2024 11:26,0,100,297,1,4/3/2024 11:26,,,,,anonymous,EN,1,76,5,6,6,5,4,by changing the packaging to show a breakable item they reduced damages,5,6,6,5,5,4,,,,,,,,,,,,FL_51,Q129|Q56|p.n1|v.n1|i.n1|u.n1|a.n1,Q142|Q144|p.n2|i.n2|a.n2|att|u.n2|v.n2,,
4/3/2024 11:20,4/3/2024 11:26,0,100,323,1,4/3/2024 11:26,,,,,anonymous,EN,1,77,6,5,7,5,6,I learned that certain objects get better treatment than others. It gave me an insight into how goods are transported through carriers and that even warning labels may be ignored (i.e. fragile). I learned that the best way to ensure the safety of a package is to provide an image of a high-value item on the side.,6,5,6,7,5,4,,,,,,,,,,,,FL_51,Q129|Q56|p.n1|a.n1|v.n1|i.n1|u.n1,Q142|Q144|p.n2|i.n2|a.n2|att|v.n2|u.n2,,
4/3/2024 11:22,4/3/2024 11:26,0,100,214,1,4/3/2024 11:26,,,,,anonymous,EN,1,78,,,,,,All is not how it seems. Just because you see something it doesn't mean that is the reality.,,,,,,,3,2,3,3,3,3,3,3,3,3,4,FL_53,,,Q151|Q152|i.g1|v.g1|a.g1|u.g1|p.g1,Q175|Q177|a.g2|p.g2|i.g2|att|v.g2|u.g2
4/3/2024 11:24,4/3/2024 11:26,0,100,104,1,4/3/2024 11:26,,,,,anonymous,EN,1,79,4,5,4,5,2,I have learned that the postal service will take more care of your product if they deem it to be more fragile. It won't benefit me much in the future but it might be a handy little tip.,3,5,5,3,2,4,,,,,,,,,,,,FL_51,Q129|Q56|u.n1|v.n1|i.n1|p.n1|a.n1,Q142|Q144|p.n2|att|a.n2|i.n2|v.n2|u.n2,,
4/3/2024 11:24,4/3/2024 11:26,0,100,120,1,4/3/2024 11:26,,,,,anonymous,EN,1,80,,,,,,I believe the instructions are about sealing a package so it doesnt break,,,,,,,3,1,4,2,4,3,1,3,4,4,4,FL_53,,,Q151|Q152|i.g1|v.g1|u.g1|a.g1|p.g1,Q175|Q177|a.g2|u.g2|i.g2|p.g2|v.g2|att
4/3/2024 11:22,4/3/2024 11:26,0,100,244,1,4/3/2024 11:26,,,,,anonymous,EN,1,81,6,5,6,6,6,I learned that representation determines the treatment in any case,6,5,6,6,6,4,,,,,,,,,,,,FL_51,Q129|Q56|v.n1|p.n1|a.n1|i.n1|u.n1,Q142|Q144|att|u.n2|p.n2|v.n2|a.n2|i.n2,,
4/3/2024 11:23,4/3/2024 11:26,0,100,192,1,4/3/2024 11:26,,,,,anonymous,EN,1,82,,,,,,Marking a package as fragile makes it less likely to be damaged during shipping. This seems to be a dishonest practice if the item in question is not actually fragile.,,,,,,,5,7,6,7,5,6,5,7,6,6,4,FL_53,,,Q151|Q152|v.g1|i.g1|p.g1|a.g1|u.g1,Q175|Q177|att|p.g2|a.g2|i.g2|v.g2|u.g2
4/3/2024 11:24,4/3/2024 11:26,0,100,112,1,4/3/2024 11:26,,,,,anonymous,EN,1,83,,,,,,"to be honest I already knew about this information, but it's always good to be reminded ",,,,,,,5,4,4,5,5,4,5,5,5,4,4,FL_53,,,Q151|Q152|a.g1|u.g1|v.g1|p.g1|i.g1,Q175|Q177|i.g2|p.g2|u.g2|att|v.g2|a.g2
4/3/2024 11:24,4/3/2024 11:26,0,100,128,1,4/3/2024 11:26,,,,,anonymous,EN,1,84,,,,,,that there is room for gaming the system and strategizing in the grey zone of legality in order to benefit financially by modifying something to look like something else,,,,,,,4,5,3,3,3,3,3,3,3,3,4,FL_53,,,Q151|Q152|v.g1|a.g1|i.g1|u.g1|p.g1,Q175|Q177|att|p.g2|u.g2|v.g2|a.g2|i.g2
4/3/2024 11:22,4/3/2024 11:26,0,100,242,1,4/3/2024 11:26,,,,,anonymous,EN,1,85,3,2,6,3,4,"I learned that people essentially go to get a job done and most items are carelessly handled as the handler sees they can get away with handling in such a way to perhaps cut time and therefore cost. However, if an item is fragile it needs to be handled better which costs more time and money but the job won’t be done effectively without spending the extra time. The handler is clearly unaware of the damage caused to the other items ",4,2,4,3,3,4,,,,,,,,,,,,FL_51,Q129|Q56|i.n1|a.n1|v.n1|p.n1|u.n1,Q142|Q144|att|a.n2|i.n2|u.n2|v.n2|p.n2,,
4/3/2024 11:24,4/3/2024 11:26,0,100,163,1,4/3/2024 11:26,,,,,anonymous,EN,1,86,,,,,,That packaging things to make them look fragile can save on postage costs,,,,,,,3,3,3,3,2,3,3,3,3,2,4,FL_53,,,Q151|Q152|v.g1|p.g1|i.g1|u.g1|a.g1,Q175|Q177|v.g2|u.g2|i.g2|p.g2|att|a.g2
4/3/2024 11:18,4/3/2024 11:26,0,100,493,1,4/3/2024 11:26,,,,,anonymous,EN,1,87,6,3,5,6,7,"It shows how we assign value to different things based on our own perspective. We all know that we don't want to damage a new flatscreen tv, why is the same level of causiousness only applied once stated it is something is easily breakable, why aren't we careful unless told, or handle packages with the same care. It shows we need to be told and don't show the same respect for different items",6,2,3,5,6,4,,,,,,,,,,,,FL_51,Q129|Q56|a.n1|v.n1|u.n1|p.n1|i.n1,Q142|Q144|v.n2|a.n2|att|i.n2|u.n2|p.n2,,
4/3/2024 11:22,4/3/2024 11:27,0,100,262,1,4/3/2024 11:27,,,,,anonymous,EN,1,88,,,,,,"If you package an item for postage and make it appear to be fairly fragile, it is hoped that the package will be handled more sympathetically than one that doesn’t seem fragikr",,,,,,,4,3,2,4,4,4,4,5,4,4,4,FL_53,,,Q151|Q152|i.g1|p.g1|a.g1|u.g1|v.g1,Q175|Q177|u.g2|i.g2|p.g2|att|v.g2|a.g2
4/3/2024 11:24,4/3/2024 11:27,0,100,176,1,4/3/2024 11:27,,,,,anonymous,EN,1,89,,,,,,Companies that package products to superficially resemble more fragile products reduce damage costs during shipping.,,,,,,,2,2,2,2,2,2,2,2,2,2,4,FL_53,,,Q151|Q152|p.g1|u.g1|a.g1|i.g1|v.g1,Q175|Q177|v.g2|i.g2|p.g2|u.g2|att|a.g2
4/3/2024 11:24,4/3/2024 11:27,0,100,167,1,4/3/2024 11:27,,,,,anonymous,EN,1,90,7,7,7,7,7,I have learned that more care is taken when something appears to be easily damaged and is fragile,7,7,7,7,7,4,,,,,,,,,,,,FL_51,Q129|Q56|a.n1|p.n1|v.n1|i.n1|u.n1,Q142|Q144|att|i.n2|p.n2|u.n2|v.n2|a.n2,,
4/3/2024 11:24,4/3/2024 11:27,0,100,127,1,4/3/2024 11:27,,,,,anonymous,EN,1,91,,,,,,when something gets shipped. It is safest if it gets packed with products that are simularvto the product that is getting packed to avoid damage,,,,,,,2,2,3,2,2,2,2,2,2,3,4,FL_53,,,Q151|Q152|u.g1|a.g1|i.g1|v.g1|p.g1,Q175|Q177|att|i.g2|u.g2|a.g2|p.g2|v.g2
4/3/2024 11:24,4/3/2024 11:27,0,100,180,1,4/3/2024 11:27,,,,,anonymous,EN,1,92,6,6,6,6,6,It is good to find innovative ways for stuff that is not always transparent. So very often you have to think outside the box and this was a good example,6,6,6,6,6,4,,,,,,,,,,,,FL_51,Q129|Q56|a.n1|i.n1|u.n1|p.n1|v.n1,Q142|Q144|p.n2|i.n2|a.n2|u.n2|v.n2|att,,
4/3/2024 11:24,4/3/2024 11:27,0,100,154,1,4/3/2024 11:27,,,,,anonymous,EN,1,93,4,5,4,4,5,When people that work at shipping transportation have some information about what they are trnsporting they tend to be more careful with how they manage it. ,4,4,4,4,4,4,,,,,,,,,,,,FL_51,Q129|Q56|p.n1|a.n1|u.n1|i.n1|v.n1,Q142|Q144|att|p.n2|v.n2|i.n2|u.n2|a.n2,,
4/3/2024 11:24,4/3/2024 11:27,0,100,155,1,4/3/2024 11:27,,,,,anonymous,EN,1,94,,,,,,According to my understanding is that they want to package products in a superficial way to make it seem like it's fragile.,,,,,,,3,2,2,2,2,4,4,4,4,4,4,FL_53,,,Q151|Q152|v.g1|p.g1|u.g1|i.g1|a.g1,Q175|Q177|att|i.g2|a.g2|u.g2|v.g2|p.g2
4/3/2024 11:24,4/3/2024 11:27,0,100,182,1,4/3/2024 11:27,,,,,anonymous,EN,1,95,5,5,7,6,5,"Well by fooling the shipping company into thinking they were handling TVs, it reduced the amount of damaged bikes shipped.  I learned that sometimes you have to trick ppl to achieve what you want.  That's basically what it is.  A shipping company should be handling all items  with care, but the world isn't like that.  I personally worked at  shipping company before and everything was thrown around.   ",5,4,5,5,5,4,,,,,,,,,,,,FL_51,Q129|Q56|i.n1|u.n1|p.n1|v.n1|a.n1,Q142|Q144|a.n2|p.n2|v.n2|i.n2|u.n2|att,,
4/3/2024 11:22,4/3/2024 11:27,0,100,291,1,4/3/2024 11:27,,,,,anonymous,EN,1,96,4,6,5,5,5,"Usually, unless to protect myself or other I don't like deception, so lying about an object seems a bit amoral, but of course it is right to expect your wares to  not be damaged when you ship them. To me this shows that people sometimes have to be manipulated, for the greater good. In a sense this it akin to 'nudges' like putting healthier food on display, it hurts no one and helps every one, while being a bit deceptive.",4,6,5,5,5,4,,,,,,,,,,,,FL_51,Q129|Q56|v.n1|i.n1|p.n1|a.n1|u.n1,Q142|Q144|p.n2|i.n2|a.n2|v.n2|u.n2|att,,
4/3/2024 11:25,4/3/2024 11:27,0,100,118,1,4/3/2024 11:27,,,,,anonymous,EN,1,97,,,,,,It provided me information about packaging and how that can impact my resources.  ,,,,,,,2,2,3,2,2,2,2,2,2,2,4,FL_53,,,Q151|Q152|u.g1|p.g1|i.g1|v.g1|a.g1,Q175|Q177|i.g2|att|v.g2|p.g2|a.g2|u.g2
4/3/2024 11:25,4/3/2024 11:27,0,100,101,1,4/3/2024 11:27,,,,,anonymous,EN,1,98,5,5,6,5,5,"If the product is deemed fragile or valuable, then more care is taken over its transportation.",5,5,5,5,6,4,,,,,,,,,,,,FL_51,Q129|Q56|p.n1|i.n1|u.n1|a.n1|v.n1,Q142|Q144|v.n2|att|p.n2|u.n2|a.n2|i.n2,,
4/3/2024 11:25,4/3/2024 11:27,0,100,81,1,4/3/2024 11:27,,,,,anonymous,EN,1,99,,,,,,"If you make something look fragile, even if it isn't, people will treat it as fragile and thus it will be preserved better.",,,,,,,4,3,3,3,4,3,3,3,4,4,4,FL_53,,,Q151|Q152|a.g1|p.g1|v.g1|u.g1|i.g1,Q175|Q177|p.g2|att|v.g2|i.g2|u.g2|a.g2
4/3/2024 11:24,4/3/2024 11:27,0,100,146,1,4/3/2024 11:27,,,,,anonymous,EN,1,100,,,,,,Certain goods need to be packaged in certain ways so that they dont get damaged while being shipped,,,,,,,4,2,2,2,2,2,2,2,2,2,4,FL_53,,,Q151|Q152|v.g1|p.g1|i.g1|u.g1|a.g1,Q175|Q177|att|v.g2|u.g2|p.g2|a.g2|i.g2
4/3/2024 11:23,4/3/2024 11:27,0,100,231,1,4/3/2024 11:27,,,,,anonymous,EN,1,101,5,5,5,3,2,It was a good idea to put an image of a flat screen television on the van it meant people would handle the goods with more care.  It' feels a bit like like an analogy for life.  Put out some kind of a sign of how you want to be treated and see what kind of impact that might have,3,3,5,4,3,4,,,,,,,,,,,,FL_51,Q129|Q56|p.n1|v.n1|a.n1|u.n1|i.n1,Q142|Q144|i.n2|att|u.n2|v.n2|a.n2|p.n2,,
4/3/2024 11:23,4/3/2024 11:27,0,100,208,1,4/3/2024 11:27,,,,,anonymous,EN,1,102,7,6,7,7,7,"What I got from reading about VanMoof's experience is that sometimes, simple solutions can solve big problems. Imagine this: the company was having trouble with bikes getting damaged during shipping, which was a huge headache because their bikes are fancy and expensive. But then, someone had a lightbulb moment: they started putting pictures of TVs on the shipping boxes. And guess what? It worked like magic! People started being extra careful with the boxes because they thought they were carrying TVs, not bikes. Isn't that clever?  This story teaches us a couple of things. First, it shows the power of thinking differently when faced with a problem. Sometimes, the solution isn't complicated; it's just about finding a new angle. Second, it tells us something about human nature. People tend to be more careful with valuable things, even if they're just pictures on a box. So, understanding what makes people tick can help us come up with smart solutions.  And you know what else? This story reminds us that setting clear goals can push us to find innovative solutions. VanMoof had a goal to sell lots of bikes online, and that pushed them to find a way to stop the shipping damage. So, it's all about being creative, understanding people, and keeping your eyes on the prize.",7,6,7,7,7,4,,,,,,,,,,,,FL_51,Q129|Q56|a.n1|u.n1|i.n1|p.n1|v.n1,Q142|Q144|att|i.n2|v.n2|u.n2|a.n2|p.n2,,
4/3/2024 11:25,4/3/2024 11:27,0,100,113,1,4/3/2024 11:27,,,,,anonymous,EN,1,103,3,3,3,3,2,I didnt really learn very much only you can use deceit to get the bicycles delivered undamaged,2,2,2,3,2,4,,,,,,,,,,,,FL_51,Q129|Q56|p.n1|i.n1|u.n1|v.n1|a.n1,Q142|Q144|p.n2|u.n2|i.n2|a.n2|att|v.n2,,
4/3/2024 11:25,4/3/2024 11:27,0,100,134,1,4/3/2024 11:27,,,,,anonymous,EN,1,104,5,5,5,5,6,"I learned that sometimes you have to think outside the box in order to come up with solutions. Putting a television on a box that contains a bike isn't the first solution to fixing a shipping problem, but it effectively worked.",6,5,5,5,5,4,,,,,,,,,,,,FL_51,Q129|Q56|a.n1|v.n1|i.n1|p.n1|u.n1,Q142|Q144|v.n2|i.n2|a.n2|u.n2|p.n2|att,,
4/3/2024 11:24,4/3/2024 11:27,0,100,157,1,4/3/2024 11:27,,,,,anonymous,EN,1,105,,,,,,Packaging of products can be useful only if treated like fragile ones to avoid them being perishable ,,,,,,,4,6,5,4,6,5,6,6,5,6,5,FL_53,,,Q151|Q152|p.g1|a.g1|i.g1|u.g1|v.g1,Q175|Q177|att|v.g2|u.g2|p.g2|a.g2|i.g2
4/3/2024 11:25,4/3/2024 11:27,0,100,107,1,4/3/2024 11:27,,,,,anonymous,EN,1,106,,,,,,"If you tell a little lie about something, you might gain some benefit from it.",,,,,,,2,4,4,2,2,2,3,3,3,2,4,FL_53,,,Q151|Q152|p.g1|a.g1|i.g1|v.g1|u.g1,Q175|Q177|p.g2|v.g2|a.g2|u.g2|att|i.g2
4/3/2024 11:24,4/3/2024 11:27,0,100,201,1,4/3/2024 11:27,,,,,anonymous,EN,1,107,,,,,,It was interesting to learn that companies package products to seem as fragile as a more fragile counterpart so they are handled with greater care. Interesting if true. Though they must be quite fragile to need to be handled so carefully anyway. No insight was really given into what fragile aware packaging looks like comparatively.,,,,,,,2,5,5,2,3,2,5,4,2,2,4,FL_53,,,Q151|Q152|p.g1|i.g1|v.g1|a.g1|u.g1,Q175|Q177|a.g2|p.g2|i.g2|v.g2|u.g2|att
4/3/2024 11:16,4/3/2024 11:27,0,100,696,1,4/3/2024 11:27,,,,,anonymous,EN,1,108,6,5,5,6,6,"I learned from this lesson that suppliers often take inadequate care of shipments if they are not properly labelled. By cleverly labelling your consignment, you can reduce transport losses because when consignments are properly labelled, suppliers take more care of them, which can significantly reduce the amount of loss due to damage to consignments.",6,5,5,6,6,4,,,,,,,,,,,,FL_51,Q129|Q56|i.n1|v.n1|a.n1|p.n1|u.n1,Q142|Q144|att|i.n2|u.n2|a.n2|p.n2|v.n2,,
4/3/2024 11:25,4/3/2024 11:27,0,100,126,1,4/3/2024 11:27,,,,,anonymous,EN,1,109,2,2,2,2,2,It provided very little insight for me,2,2,2,2,2,2,,,,,,,,,,,,FL_51,Q129|Q56|p.n1|u.n1|i.n1|a.n1|v.n1,Q142|Q144|a.n2|i.n2|v.n2|u.n2|att|p.n2,,
4/3/2024 11:25,4/3/2024 11:27,0,100,120,1,4/3/2024 11:27,,,,,anonymous,EN,1,110,4,4,5,5,4,print a television on the package if you don't want it to be damaged in transit,4,4,5,4,5,4,,,,,,,,,,,,FL_51,Q129|Q56|u.n1|a.n1|i.n1|v.n1|p.n1,Q142|Q144|att|a.n2|u.n2|p.n2|i.n2|v.n2,,
4/3/2024 11:25,4/3/2024 11:27,0,100,111,1,4/3/2024 11:27,,,,,anonymous,EN,1,111,,,,,,Products are rather delicate and companies should treat every package as valuable to help ensure safe arrival to the customer.,,,,,,,3,2,2,3,4,3,1,2,2,3,4,FL_53,,,Q151|Q152|a.g1|u.g1|v.g1|i.g1|p.g1,Q175|Q177|a.g2|att|u.g2|v.g2|i.g2|p.g2
4/3/2024 11:23,4/3/2024 11:27,0,100,278,1,4/3/2024 11:27,,,,,anonymous,EN,1,112,6,6,7,7,6,"To avoid further damage to their product they found that if they put an image of a tv, the individuals transporting the product would be inclined to be more careful as oppose to sending the product in regular packaging.",6,6,5,6,5,4,,,,,,,,,,,,FL_51,Q129|Q56|u.n1|p.n1|v.n1|i.n1|a.n1,Q142|Q144|att|u.n2|a.n2|p.n2|i.n2|v.n2,,
4/3/2024 11:25,4/3/2024 11:27,0,100,117,1,4/3/2024 11:27,,,,,anonymous,EN,1,113,5,5,5,5,5,By disguising the contents of a package it may be handled differently by the shippers,5,5,5,5,5,4,,,,,,,,,,,,FL_51,Q129|Q56|p.n1|v.n1|a.n1|i.n1|u.n1,Q142|Q144|p.n2|u.n2|att|a.n2|i.n2|v.n2,,
4/3/2024 11:25,4/3/2024 11:27,0,100,159,1,4/3/2024 11:27,,,,,anonymous,EN,1,114,,,,,,The lesson was ambiguous and raised more questions than it answered ,,,,,,,2,2,2,2,1,2,1,1,1,1,4,FL_53,,,Q151|Q152|i.g1|u.g1|p.g1|a.g1|v.g1,Q175|Q177|p.g2|u.g2|v.g2|att|i.g2|a.g2
4/3/2024 11:25,4/3/2024 11:27,0,100,131,1,4/3/2024 11:27,,,,,anonymous,EN,1,115,,,,,,"Well, that companies may make the package of their products look a lot more fragile and therefore the person handling the deliver will be extra careful to not break it, because they don't really know what's inside and how fragile that really is.",,,,,,,1,4,4,4,2,2,4,4,2,2,4,FL_53,,,Q151|Q152|u.g1|v.g1|p.g1|i.g1|a.g1,Q175|Q177|u.g2|v.g2|i.g2|a.g2|att|p.g2
4/3/2024 11:24,4/3/2024 11:28,0,100,211,1,4/3/2024 11:28,,,,,anonymous,EN,1,116,5,5,5,5,5,Sometimes it’s good to think laterally to come up with an unusual solution. Simple yet novel ideas can provide a surprising solution. ,5,5,5,5,5,4,,,,,,,,,,,,FL_51,Q129|Q56|p.n1|v.n1|u.n1|a.n1|i.n1,Q142|Q144|p.n2|att|v.n2|a.n2|u.n2|i.n2,,
4/3/2024 11:22,4/3/2024 11:28,0,100,351,1,4/3/2024 11:28,,,,,anonymous,EN,1,117,7,7,7,7,7,I learnt that you do not always have to go with what everybody uses or expects from you but that you have to think outside the box and consider many different options.,7,7,7,7,7,4,,,,,,,,,,,,FL_51,Q129|Q56|p.n1|u.n1|i.n1|a.n1|v.n1,Q142|Q144|p.n2|att|u.n2|v.n2|i.n2|a.n2,,
4/3/2024 11:24,4/3/2024 11:28,0,100,205,1,4/3/2024 11:28,,,,,anonymous,EN,1,118,,,,,,when posting a package if you package it in a way to make the item look fragile it can reduce damage when shipping.,,,,,,,3,4,3,3,3,3,2,2,3,4,4,FL_53,,,Q151|Q152|p.g1|i.g1|a.g1|v.g1|u.g1,Q175|Q177|u.g2|v.g2|i.g2|a.g2|att|p.g2
4/3/2024 11:25,4/3/2024 11:28,0,100,147,1,4/3/2024 11:28,,,,,anonymous,EN,1,119,3,3,5,4,3,"I learned that the way we communicate a message can have a great impact on people's actions. If we make them think carefully and illustrated why they should act carefully, we are likely to achieve a better outcome together. I learned to think about problems from a different perspective.",4,3,3,3,4,4,,,,,,,,,,,,FL_51,Q129|Q56|i.n1|p.n1|u.n1|v.n1|a.n1,Q142|Q144|v.n2|p.n2|u.n2|a.n2|i.n2|att,,
4/3/2024 11:24,4/3/2024 11:28,0,100,200,1,4/3/2024 11:28,,,,,anonymous,EN,1,120,5,5,6,6,5,I learned the importance of lateral thinking when solving a problem. It was an unusual and cheap solution that was very simple but worked well.,5,5,6,5,5,4,,,,,,,,,,,,FL_51,Q129|Q56|p.n1|u.n1|a.n1|v.n1|i.n1,Q142|Q144|a.n2|p.n2|i.n2|u.n2|v.n2|att,,
4/3/2024 11:25,4/3/2024 11:28,0,100,146,1,4/3/2024 11:28,,,,,anonymous,EN,1,121,5,6,6,5,6,Interesting perspective and will think out of the box for any situation such as this. ,5,5,6,6,6,4,,,,,,,,,,,,FL_51,Q129|Q56|a.n1|i.n1|p.n1|u.n1|v.n1,Q142|Q144|a.n2|i.n2|u.n2|v.n2|p.n2|att,,
4/3/2024 11:24,4/3/2024 11:28,0,100,216,1,4/3/2024 11:28,,,,,anonymous,EN,1,122,4,5,5,5,5,"The idea is pretty clever and highlight how we visually are influenced/conditioned by things we see. the perception of something, in this case, fragile will make us act and behave accordingly.",5,5,5,5,5,4,,,,,,,,,,,,FL_51,Q129|Q56|p.n1|u.n1|i.n1|a.n1|v.n1,Q142|Q144|p.n2|u.n2|a.n2|att|v.n2|i.n2,,
4/3/2024 11:19,4/3/2024 11:28,0,100,517,1,4/3/2024 11:28,,,,,anonymous,EN,1,123,6,6,7,4,5,"The information is that people in charge of shipping are not careful with most packages, unless they are things easily damaged like TVs. I personally can't use this information because I don't ship fragile things,but maybe in the future this information may be useful to me.",5,6,6,4,4,4,,,,,,,,,,,,FL_51,Q129|Q56|p.n1|a.n1|i.n1|v.n1|u.n1,Q142|Q144|v.n2|u.n2|a.n2|p.n2|i.n2|att,,
4/3/2024 11:24,4/3/2024 11:28,0,100,255,1,4/3/2024 11:28,,,,,anonymous,EN,1,124,7,7,7,7,7,"I learnt that to get the best service, you need to check whether your product means something and is respected by the courier to ensure it is treated well. A white lie can improve so much.",7,7,7,7,7,4,,,,,,,,,,,,FL_51,Q129|Q56|p.n1|i.n1|u.n1|a.n1|v.n1,Q142|Q144|i.n2|u.n2|p.n2|att|v.n2|a.n2,,
4/3/2024 11:24,4/3/2024 11:28,0,100,218,1,4/3/2024 11:28,,,,,anonymous,EN,1,125,,,,,,I have learnt that there are companies who package their products to superficially look like fragile product packaging and this helps them avoid shipping damages.,,,,,,,2,2,3,3,2,1,2,3,2,2,4,FL_53,,,Q151|Q152|p.g1|v.g1|i.g1|a.g1|u.g1,Q175|Q177|p.g2|u.g2|att|v.g2|i.g2|a.g2
4/3/2024 11:24,4/3/2024 11:28,0,100,235,1,4/3/2024 11:28,,,,,anonymous,EN,1,126,6,6,6,6,6,A company that makes electric bikes we’re finding a lot of their products were arriving tat customers damaged. They found that by putting a tv image on the box that fewer products were arriving damaged as no one wants to damage a new tv.,6,6,6,6,6,4,,,,,,,,,,,,FL_51,Q129|Q56|i.n1|p.n1|a.n1|u.n1|v.n1,Q142|Q144|v.n2|a.n2|p.n2|i.n2|u.n2|att,,
4/3/2024 11:24,4/3/2024 11:28,0,100,226,1,4/3/2024 11:28,,,,,anonymous,EN,1,127,5,5,6,6,6,The didn't want their bicycle damaged they would pretend that they're transporting tv so the shipping company would be more careful,6,5,6,5,6,4,,,,,,,,,,,,FL_51,Q129|Q56|p.n1|v.n1|u.n1|a.n1|i.n1,Q142|Q144|att|v.n2|u.n2|p.n2|a.n2|i.n2,,
4/3/2024 11:25,4/3/2024 11:28,0,100,198,1,4/3/2024 11:28,,,,,anonymous,EN,1,128,,,,,,I don’t think I learned anything that I could use I the future. Why would a company change their packaging to look like something different was packaged. ,,,,,,,1,1,1,2,1,1,1,1,1,1,4,FL_53,,,Q151|Q152|u.g1|v.g1|a.g1|p.g1|i.g1,Q175|Q177|a.g2|p.g2|v.g2|att|u.g2|i.g2
4/3/2024 11:24,4/3/2024 11:28,0,100,245,1,4/3/2024 11:28,,,,,anonymous,EN,1,129,3,3,3,3,3,I learned that sometimes it can be useful to think about how others around you see things and to understand their way of thinking so that you can adjust what you do to get the best results for what you want.,3,3,3,3,3,4,,,,,,,,,,,,FL_51,Q129|Q56|v.n1|i.n1|p.n1|a.n1|u.n1,Q142|Q144|u.n2|p.n2|a.n2|att|v.n2|i.n2,,
4/3/2024 11:24,4/3/2024 11:28,0,100,238,1,4/3/2024 11:28,,,,,anonymous,EN,1,130,3,2,4,4,2,"That if you’re a business owner faced with some complex issue, you can manipulate the situation and use that to your advantage ( legally). ",2,4,4,2,2,4,,,,,,,,,,,,FL_51,Q129|Q56|u.n1|i.n1|a.n1|p.n1|v.n1,Q142|Q144|a.n2|v.n2|p.n2|i.n2|u.n2|att,,
4/3/2024 11:25,4/3/2024 11:28,0,100,179,1,4/3/2024 11:28,,,,,anonymous,EN,1,131,,,,,,"Companies, which produce products that are not necessarily fragile, package their products in the same manner as generally fragile products, to reduce potential damage in transport, assuming that people working in transport will pay more care to them.",,,,,,,4,3,5,3,3,4,4,5,3,3,4,FL_53,,,Q151|Q152|v.g1|a.g1|u.g1|i.g1|p.g1,Q175|Q177|v.g2|att|i.g2|u.g2|a.g2|p.g2
4/3/2024 11:25,4/3/2024 11:28,0,100,205,1,4/3/2024 11:28,,,,,anonymous,EN,1,132,,,,,,I always come across online purchases with packaging like this. I think this’ll help to make packages more cared for by the delivery company.,,,,,,,5,4,7,3,3,5,5,2,7,3,4,FL_53,,,Q151|Q152|a.g1|u.g1|v.g1|p.g1|i.g1,Q175|Q177|i.g2|att|a.g2|v.g2|p.g2|u.g2
4/3/2024 11:25,4/3/2024 11:29,0,100,197,1,4/3/2024 11:29,,,,,anonymous,EN,1,133,,,,,,"I learned that packaging products so that externally, they imitate fragile goods, will lead to less transit damage for those goods.",,,,,,,4,3,3,5,5,5,3,3,5,5,4,FL_53,,,Q151|Q152|i.g1|v.g1|p.g1|a.g1|u.g1,Q175|Q177|v.g2|a.g2|u.g2|p.g2|att|i.g2
4/3/2024 11:25,4/3/2024 11:29,0,100,189,1,4/3/2024 11:29,,,,,anonymous,EN,1,134,6,5,5,5,5,people respect more integral electronic version than other,5,5,5,5,4,4,,,,,,,,,,,,FL_51,Q129|Q56|p.n1|a.n1|v.n1|u.n1|i.n1,Q142|Q144|i.n2|a.n2|p.n2|att|v.n2|u.n2,,
4/3/2024 11:25,4/3/2024 11:29,0,100,187,1,4/3/2024 11:29,,,,,anonymous,EN,1,135,6,6,6,6,5,"That people treated the package differently as they thought it was fragile, so treated it with a greater degree of care. It shows how you can change people’s perception of the same item and get them to treat it in a different way just through what they believe it is",6,6,5,6,5,4,,,,,,,,,,,,FL_51,Q129|Q56|u.n1|v.n1|a.n1|i.n1|p.n1,Q142|Q144|p.n2|v.n2|i.n2|att|u.n2|a.n2,,
4/3/2024 11:24,4/3/2024 11:29,0,100,274,1,4/3/2024 11:29,,,,,anonymous,EN,1,136,,,,,,"That the packagings methods can be exploited to ensure a safer shipping despite the object shipped might not reflect the characteristics of a fragile item. Many times shippings are handed roughly by the carriers, and if being labelled as a fragile object helps ensure a more thorough handling then it is a method worth pursuing.",,,,,,,5,4,6,5,6,5,4,6,5,6,4,FL_53,,,Q151|Q152|p.g1|u.g1|a.g1|i.g1|v.g1,Q175|Q177|p.g2|i.g2|att|u.g2|a.g2|v.g2
4/3/2024 11:25,4/3/2024 11:29,0,100,213,1,4/3/2024 11:29,,,,,anonymous,EN,1,137,6,6,5,6,6,"I learned that people are more careful with flatscreens than with bicycle, sometimes we have to deceive people to get things done properly ",6,6,6,6,6,4,,,,,,,,,,,,FL_51,Q129|Q56|v.n1|i.n1|p.n1|u.n1|a.n1,Q142|Q144|att|u.n2|i.n2|a.n2|v.n2|p.n2,,
4/3/2024 11:25,4/3/2024 11:29,0,100,252,1,4/3/2024 11:29,,,,,anonymous,EN,1,138,,,,,,"I learnt that it is better for companies to pack their own products so that they can label fragile products and minimise damages, which saves money. ",,,,,,,4,4,4,4,6,5,5,5,6,6,4,FL_53,,,Q151|Q152|p.g1|u.g1|v.g1|i.g1|a.g1,Q175|Q177|a.g2|u.g2|p.g2|v.g2|att|i.g2
4/3/2024 11:20,4/3/2024 11:29,0,100,533,1,4/3/2024 11:29,,,,,anonymous,EN,1,139,5,5,6,5,5,"I was very impressed by the way the bicycle manufacturers solved their very real problem, by using their knowledge of how human delivery people, like all people, think and act. The bicycle manufacturers realized that instead of plastering 'fragile' all over their packaging, they had to adapt to how people perceive fragility. A TV is perceived as fragile while a bicycle is not. But if you disguise a bicycle as a TV, people will handle it as if it were a TV -- with care and attention.",5,5,6,5,5,4,,,,,,,,,,,,FL_51,Q129|Q56|v.n1|i.n1|u.n1|a.n1|p.n1,Q142|Q144|v.n2|u.n2|i.n2|att|a.n2|p.n2,,
4/3/2024 11:25,4/3/2024 11:29,0,100,221,1,4/3/2024 11:29,,,,,anonymous,EN,1,140,5,4,5,2,2,sometimes you have to think outside the box to achieve success,2,5,5,2,2,4,,,,,,,,,,,,FL_51,Q129|Q56|v.n1|i.n1|a.n1|u.n1|p.n1,Q142|Q144|i.n2|att|v.n2|p.n2|u.n2|a.n2,,
4/3/2024 11:13,4/3/2024 11:29,0,100,974,1,4/3/2024 11:29,,,,,anonymous,EN,1,141,,,,,,Realizing that packaging products to resemble more delicate items can decrease shipping damages and cost it's a practical notion. This insight holds importance for both entrepreneurs who are gonna reshapes their understanding of packaging from mere aesthetics to a strategic tool and for discerning consumers on a construal level.,,,,,,,5,6,7,4,6,6,6,7,6,4,4,FL_53,,,Q151|Q152|a.g1|i.g1|u.g1|v.g1|p.g1,Q175|Q177|v.g2|i.g2|att|u.g2|p.g2|a.g2
4/3/2024 11:25,4/3/2024 11:29,0,100,226,1,4/3/2024 11:29,,,,,anonymous,EN,1,142,3,3,3,3,3,"A company selling high end bicycles suffered for a high damage rate, after changing the sign as television, the situation become better",4,4,4,4,5,4,,,,,,,,,,,,FL_51,Q129|Q56|u.n1|i.n1|a.n1|p.n1|v.n1,Q142|Q144|i.n2|a.n2|att|p.n2|v.n2|u.n2,,
4/3/2024 11:25,4/3/2024 11:29,0,100,239,1,4/3/2024 11:29,,,,,anonymous,EN,1,143,,,,,,I learned that companies make the boxes for their products shaped to resemble other fragile items to decrease the likelihood of damages while transporting. In a way this thought me about the human mind and being more careful with something that looks fragile even if it isn't as it seems,,,,,,,2,5,5,2,3,2,5,2,2,2,4,FL_53,,,Q151|Q152|a.g1|p.g1|v.g1|u.g1|i.g1,Q175|Q177|a.g2|v.g2|i.g2|u.g2|att|p.g2
4/3/2024 11:24,4/3/2024 11:29,0,100,305,1,4/3/2024 11:29,,,,,anonymous,EN,1,144,5,5,3,3,4,sometimes people just have some weird ideas but it can work,5,5,6,5,4,4,,,,,,,,,,,,FL_51,Q129|Q56|p.n1|u.n1|a.n1|i.n1|v.n1,Q142|Q144|p.n2|u.n2|a.n2|v.n2|i.n2|att,,
4/3/2024 11:24,4/3/2024 11:29,0,100,295,1,4/3/2024 11:29,,,,,anonymous,EN,1,145,,,,,,"Making products appear more fragile due to packaging methods may potentially be handled more carefully by shippers. This is somewhat helpful to know, though most goods I package end up being sold in person. However, it does make a great deal of sense and I shall bear it in mind next time I must ship something elsewhere. ",,,,,,,5,4,5,5,5,5,4,5,5,5,4,FL_53,,,Q151|Q152|p.g1|a.g1|v.g1|i.g1|u.g1,Q175|Q177|p.g2|a.g2|u.g2|v.g2|i.g2|att
4/3/2024 11:25,4/3/2024 11:29,0,100,252,1,4/3/2024 11:29,,,,,anonymous,EN,1,146,,,,,,I learned that the way packages are shaped affects the costs and protection in relation to the fragility of its content,,,,,,,4,3,4,2,2,3,3,3,3,2,4,FL_53,,,Q151|Q152|i.g1|v.g1|p.g1|u.g1|a.g1,Q175|Q177|p.g2|u.g2|att|v.g2|i.g2|a.g2
4/3/2024 11:25,4/3/2024 11:30,0,100,257,1,4/3/2024 11:30,,,,,anonymous,EN,1,147,,,,,,"What I've learned from the information provided in the lesson, is that if you package your product in a way that makes it look fragile, it will be handled with the thought of being careful when it is being transported. ",,,,,,,6,5,6,5,6,6,5,6,5,6,4,FL_53,,,Q151|Q152|i.g1|u.g1|p.g1|a.g1|v.g1,Q175|Q177|u.g2|a.g2|p.g2|v.g2|i.g2|att
4/3/2024 11:25,4/3/2024 11:30,0,100,276,1,4/3/2024 11:30,,,,,anonymous,EN,1,148,,,,,,That people are more likely to take care of packages that are labled as fragile when they are packaged for shipping by companies.,,,,,,,5,6,5,4,4,5,6,6,5,4,4,FL_53,,,Q151|Q152|v.g1|a.g1|p.g1|u.g1|i.g1,Q175|Q177|a.g2|v.g2|u.g2|i.g2|p.g2|att
4/3/2024 11:25,4/3/2024 11:30,0,100,261,1,4/3/2024 11:30,,,,,anonymous,EN,1,149,5,3,5,5,6,"The dutch company realized that by changing the perception that the packed product was more fragile than it really was, in a simple and widely recognized way like a flat TV screen, the handlers would be extra careful with it.",5,3,6,5,5,5,,,,,,,,,,,,FL_51,Q129|Q56|u.n1|a.n1|v.n1|i.n1|p.n1,Q142|Q144|v.n2|i.n2|a.n2|att|u.n2|p.n2,,
4/3/2024 11:25,4/3/2024 11:30,0,100,308,1,4/3/2024 11:30,,,,,anonymous,EN,1,150,,,,,,"If you give the impression that a package is more delicate than it actually is, then the delivery people are more likely to take more care during handling.",,,,,,,5,6,5,6,6,6,6,5,6,6,4,FL_53,,,Q151|Q152|i.g1|u.g1|p.g1|v.g1|a.g1,Q175|Q177|p.g2|v.g2|i.g2|att|a.g2|u.g2
4/3/2024 11:25,4/3/2024 11:30,0,100,265,1,4/3/2024 11:30,,,,,anonymous,EN,1,151,4,2,5,4,4,I learned that shipping companies generally treat packages badly  and that just by changing the boxes graphics can make the shipping companies treat the packages carefully avoiding damages,4,2,3,2,2,4,,,,,,,,,,,,FL_51,Q129|Q56|i.n1|a.n1|u.n1|p.n1|v.n1,Q142|Q144|v.n2|i.n2|att|p.n2|a.n2|u.n2,,
4/3/2024 11:25,4/3/2024 11:30,0,100,295,1,4/3/2024 11:30,,,,,anonymous,EN,1,152,,,,,,I learnt that if packages are packaged as fragile there will be less damaged during shipping.,,,,,,,6,6,7,6,7,6,6,6,6,7,4,FL_53,,,Q151|Q152|a.g1|i.g1|v.g1|u.g1|p.g1,Q175|Q177|i.g2|a.g2|p.g2|att|u.g2|v.g2
4/3/2024 11:21,4/3/2024 11:30,0,100,544,1,4/3/2024 11:30,,,,,anonymous,EN,1,153,,,,,,"businesses that packeged their products in a superficially way, to say that their products are fragile. The products are likely not to get damaged.",,,,,,,7,6,7,7,7,7,7,6,7,7,4,FL_53,,,Q151|Q152|a.g1|u.g1|i.g1|v.g1|p.g1,Q175|Q177|p.g2|u.g2|a.g2|v.g2|i.g2|att
4/3/2024 11:25,4/3/2024 11:30,0,100,281,1,4/3/2024 11:30,,,,,anonymous,EN,1,154,5,5,6,4,4,"I've learned that people tend to treat certain products better than others because they are more fragile and/or think they are more valuable than others. Even though the bike might be more expensive people think it might not be as expensive as a TV or as durable as one, an so do not handle it as carefully. In general, people will handle things they think more valuable with more care.",5,5,6,5,4,4,,,,,,,,,,,,FL_51,Q129|Q56|a.n1|p.n1|i.n1|u.n1|v.n1,Q142|Q144|att|u.n2|p.n2|i.n2|v.n2|a.n2,,
4/3/2024 11:24,4/3/2024 11:30,0,100,373,1,4/3/2024 11:30,,,,,anonymous,EN,1,155,,,,,,"The practical side of this finding is that whenever I need to send something via mail, or am packing my luggage for a flight, I could apply the above and thus have a better chance at reducing damage. The finding is also interesting from a psychological point of view as it illustrates that people who handle cargo allow themselves different levels of roughness when handling based on their perceived sturdiness.",,,,,,,3,3,2,3,3,3,3,3,3,3,4,FL_53,,,Q151|Q152|u.g1|v.g1|p.g1|i.g1|a.g1,Q175|Q177|att|a.g2|p.g2|u.g2|v.g2|i.g2
4/3/2024 11:24,4/3/2024 11:30,0,100,334,1,4/3/2024 11:30,,,,,anonymous,EN,1,156,5,4,6,5,5,I got an idea about the business and how to work on it,3,4,4,4,5,5,,,,,,,,,,,,FL_51,Q129|Q56|v.n1|i.n1|p.n1|a.n1|u.n1,Q142|Q144|u.n2|v.n2|a.n2|i.n2|att|p.n2,,
4/3/2024 11:25,4/3/2024 11:30,0,100,322,1,4/3/2024 11:30,,,,,anonymous,EN,1,157,,,,,,"On the previous page, I was supposed to assess the usefulness of the information I received from the company. This information concerned how the products were packaged. This information was useful for me.",,,,,,,6,6,6,6,6,6,6,6,6,6,6,FL_53,,,Q151|Q152|u.g1|a.g1|p.g1|v.g1|i.g1,Q175|Q177|i.g2|a.g2|v.g2|att|p.g2|u.g2
4/3/2024 11:25,4/3/2024 11:30,0,100,278,1,4/3/2024 11:30,,,,,anonymous,EN,1,158,,,,,,"I learned about the transportation of fragile items, which changed my perception and made me curious",,,,,,,5,4,5,4,3,3,3,5,3,3,4,FL_53,,,Q151|Q152|i.g1|u.g1|v.g1|a.g1|p.g1,Q175|Q177|att|i.g2|p.g2|a.g2|v.g2|u.g2
4/3/2024 11:25,4/3/2024 11:30,0,100,295,1,4/3/2024 11:30,,,,,anonymous,EN,1,159,,,,,, items packaged as fragile are less susceptible to damage,,,,,,,5,4,5,5,6,4,3,4,3,3,4,FL_53,,,Q151|Q152|i.g1|a.g1|u.g1|v.g1|p.g1,Q175|Q177|att|u.g2|v.g2|a.g2|p.g2|i.g2
4/3/2024 11:25,4/3/2024 11:30,0,100,293,1,4/3/2024 11:30,,,,,anonymous,EN,1,160,6,5,6,6,6,"I learned that to obtain results you do not always have to use traditional methods, since a creative approach allows you to obtain better results, even if it is technically a trick by making it seem like you are transporting televisions instead of bicycles",6,6,6,6,7,4,,,,,,,,,,,,FL_51,Q129|Q56|i.n1|v.n1|a.n1|u.n1|p.n1,Q142|Q144|a.n2|i.n2|v.n2|p.n2|att|u.n2,,
4/3/2024 11:24,4/3/2024 11:30,0,100,368,1,4/3/2024 11:30,,,,,anonymous,EN,1,161,6,6,5,5,6,An employee fixed a shipping problem by making shipping companies believe they were handling fragile expenisve merchandise. It saved a whole lot of moeny to the company with a simple cheap solution,6,5,5,5,5,4,,,,,,,,,,,,FL_51,Q129|Q56|p.n1|v.n1|a.n1|i.n1|u.n1,Q142|Q144|p.n2|a.n2|att|v.n2|u.n2|i.n2,,
4/3/2024 11:25,4/3/2024 11:30,0,100,321,1,4/3/2024 11:31,,,,,anonymous,EN,1,162,,,,,,"I learned that if companies package their products in the same way that more fragile products are packaged, this can reduce the damage caused to the package and this happens because people are more careful when I am dealing with more fragile things.",,,,,,,5,5,4,3,5,5,5,3,3,5,4,FL_53,,,Q151|Q152|v.g1|p.g1|u.g1|i.g1|a.g1,Q175|Q177|a.g2|u.g2|att|p.g2|v.g2|i.g2
4/3/2024 11:25,4/3/2024 11:31,0,100,301,1,4/3/2024 11:31,,,,,anonymous,EN,1,163,4,3,6,3,4,"The companies bicycles were getting damaged during postage, so they decided to mark the boxes with flat screen television branding and this greatly reduced the amount of items arriving damaged.",4,3,6,3,3,4,,,,,,,,,,,,FL_51,Q129|Q56|v.n1|i.n1|a.n1|p.n1|u.n1,Q142|Q144|v.n2|u.n2|i.n2|p.n2|att|a.n2,,
4/3/2024 11:24,4/3/2024 11:31,0,100,373,1,4/3/2024 11:31,,,,,anonymous,EN,1,164,5,5,6,5,5,"About bikes a problem with damages on bike deliveries, and how and employee came up came up with a solution by making riders believe that they are delivering flat screen television ",7,6,6,5,7,7,,,,,,,,,,,,FL_51,Q129|Q56|i.n1|a.n1|p.n1|u.n1|v.n1,Q142|Q144|i.n2|u.n2|v.n2|att|a.n2|p.n2,,
4/3/2024 11:27,4/3/2024 11:31,0,100,221,1,4/3/2024 11:31,,,,,anonymous,EN,1,165,4,4,4,4,5,I learned that the perceptions of people regarding the value of an object really hasn't changed all that much. If someone believes something is brand new and is of high enough value they are going to treat the item with more care. This almost reinforces the idea that people are generally good natured and respectful of property; although my run-in's with Fed-Ex tell me otherwise,4,4,5,4,4,4,,,,,,,,,,,,FL_51,Q129|Q56|a.n1|i.n1|v.n1|p.n1|u.n1,Q142|Q144|att|i.n2|a.n2|u.n2|v.n2|p.n2,,
4/3/2024 11:26,4/3/2024 11:31,0,100,307,1,4/3/2024 11:31,,,,,anonymous,EN,1,166,,,,,,I learned that using different packaging methods might reduce damage.,,,,,,,2,2,3,2,2,2,2,3,2,2,4,FL_53,,,Q151|Q152|i.g1|p.g1|a.g1|u.g1|v.g1,Q175|Q177|att|i.g2|p.g2|u.g2|v.g2|a.g2
4/3/2024 11:24,4/3/2024 11:31,0,100,373,1,4/3/2024 11:31,,,,,anonymous,EN,1,167,7,6,7,6,6,that sometimes these companies they are misleading people and the percentage of broken bicycle is increasing rapidly,7,7,6,7,6,4,,,,,,,,,,,,FL_51,Q129|Q56|u.n1|i.n1|a.n1|p.n1|v.n1,Q142|Q144|a.n2|p.n2|att|v.n2|i.n2|u.n2,,
4/3/2024 11:25,4/3/2024 11:31,0,100,327,1,4/3/2024 11:31,,,,,anonymous,EN,1,168,4,4,5,6,4,"The idea of giving the impression that something delicate was being transported resulted in far less goods damage. It demonstrated that by making out the otherwise robust product to be more fragile than it was, abuse by shipping companies could be minimized.",4,5,4,5,5,4,,,,,,,,,,,,FL_51,Q129|Q56|p.n1|i.n1|u.n1|a.n1|v.n1,Q142|Q144|a.n2|att|u.n2|p.n2|i.n2|v.n2,,
4/3/2024 11:27,4/3/2024 11:31,0,100,225,1,4/3/2024 11:31,,,,,anonymous,EN,1,169,,,,,,"It will encourage workers to handle products being shipped with care, as they will be more aware of the fragility of the items if they looked fragile. I think that it plays on the psychological ability for us to be careful around things we know are fragile, such as babies or an egg, or glass. ",,,,,,,3,4,6,2,5,3,2,2,3,5,4,FL_53,,,Q151|Q152|p.g1|u.g1|a.g1|i.g1|v.g1,Q175|Q177|a.g2|att|u.g2|v.g2|p.g2|i.g2
4/3/2024 11:25,4/3/2024 11:31,0,100,341,1,4/3/2024 11:31,,,,,anonymous,EN,1,170,,,,,,my items to come to me not damage and well packed ,,,,,,,7,6,7,7,6,6,7,6,7,6,4,FL_53,,,Q151|Q152|p.g1|i.g1|u.g1|a.g1|v.g1,Q175|Q177|att|v.g2|a.g2|u.g2|p.g2|i.g2
4/3/2024 11:26,4/3/2024 11:31,0,100,342,1,4/3/2024 11:31,,,,,anonymous,EN,1,171,,,,,,"The insight the information provided is about a brand who superficially package their products to resemble fragile products. In this process, this helps to reduce damages when shipping.",,,,,,,6,5,6,7,5,6,5,6,6,5,4,FL_53,,,Q151|Q152|a.g1|v.g1|u.g1|p.g1|i.g1,Q175|Q177|u.g2|p.g2|i.g2|att|v.g2|a.g2
4/3/2024 11:25,4/3/2024 11:32,0,100,387,1,4/3/2024 11:32,,,,,anonymous,EN,1,172,3,3,3,4,3,"The information provided an interesting method of dealing with shipping problems for delicate equipment,  The suppliers found that lying to the shippers about the contents of the shipments would make them be more careful about their shipping methods.   This solution  is not the best as it requires being not truthful for the future.",3,3,3,3,3,4,,,,,,,,,,,,FL_51,Q129|Q56|u.n1|p.n1|i.n1|a.n1|v.n1,Q142|Q144|u.n2|p.n2|v.n2|i.n2|att|a.n2,,
4/3/2024 11:25,4/3/2024 11:32,0,100,400,1,4/3/2024 11:32,,,,,anonymous,EN,1,173,,,,,,"The information given, though concise, lacks basis but it is enough to leave me to think about the fact that products I may order with less packaging could mean I will receive a package that is whole.",,,,,,,4,5,4,6,6,5,5,5,6,5,4,FL_53,,,Q151|Q152|a.g1|u.g1|p.g1|i.g1|v.g1,Q175|Q177|u.g2|i.g2|p.g2|v.g2|a.g2|att
4/3/2024 11:24,4/3/2024 11:32,0,100,464,1,4/3/2024 11:32,,,,,anonymous,EN,1,174,,,,,,I learned that companies that package their products in the same way that would package something fragile have less chances of having their product damaged due to shipping. I learned that every package should be treated/ carefully in order to minimize damage/loss. y,,,,,,,5,5,5,5,5,5,5,5,5,5,4,FL_53,,,Q151|Q152|v.g1|p.g1|u.g1|a.g1|i.g1,Q175|Q177|a.g2|att|p.g2|u.g2|v.g2|i.g2
4/3/2024 11:26,4/3/2024 11:32,0,100,362,1,4/3/2024 11:32,,,,,anonymous,EN,1,175,,,,,,i think that making items look fragile makes people handle the item with care.,,,,,,,6,5,5,6,7,7,7,7,7,7,4,FL_53,,,Q151|Q152|i.g1|p.g1|v.g1|u.g1|a.g1,Q175|Q177|p.g2|att|a.g2|v.g2|u.g2|i.g2
4/3/2024 11:26,4/3/2024 11:32,0,100,333,1,4/3/2024 11:32,,,,,anonymous,EN,1,176,7,7,7,7,7,I think it's a great idea to print a delicate item onto a box for when you want something to be handled with care. Someone came up with this idea and the fact that the damage rate decreased significantly showed that some human handling was what was causing this. It's also promising that the people handling shipments are actively being careful and mindful of delicate items when handling them. ,7,7,7,7,7,4,,,,,,,,,,,,FL_51,Q129|Q56|i.n1|v.n1|a.n1|u.n1|p.n1,Q142|Q144|u.n2|att|i.n2|a.n2|v.n2|p.n2,,
4/3/2024 11:24,4/3/2024 11:32,0,100,468,1,4/3/2024 11:32,,,,,anonymous,EN,1,177,5,3,6,5,5,"I learned that people turn to be be careless or ignorant if something is not theirs or the idea that something thats physically strong cannot be damaged, zero emotion whatsoever",5,3,5,5,6,4,,,,,,,,,,,,FL_51,Q129|Q56|v.n1|p.n1|u.n1|a.n1|i.n1,Q142|Q144|att|v.n2|p.n2|i.n2|u.n2|a.n2,,
4/3/2024 11:26,4/3/2024 11:32,0,100,353,1,4/3/2024 11:32,,,,,anonymous,EN,1,178,5,5,5,5,5,"It was about sutch company manufacturer which had a problem. When shipping bicycles to people - customers - they were arriving to them damaged. It was a big issue as it was a major problem for the company which was high end and some were loaded down with very delicate electronics. Company also had goal to sell 90% of bikes online which means transport was essential. Of of employees provided improvemnet solution suggesting to put a printed label that inside was not a bike, but flatscreen tv. It found out damage decreased by almost 80%",6,6,4,4,4,7,,,,,,,,,,,,FL_51,Q129|Q56|p.n1|i.n1|u.n1|a.n1|v.n1,Q142|Q144|p.n2|v.n2|att|i.n2|a.n2|u.n2,,
4/3/2024 11:26,4/3/2024 11:32,0,100,377,1,4/3/2024 11:32,,,,,anonymous,EN,1,179,,,,,,I DONT REMEMBER,,,,,,,6,5,5,5,5,6,5,5,5,5,4,FL_53,,,Q151|Q152|v.g1|i.g1|a.g1|u.g1|p.g1,Q175|Q177|v.g2|att|i.g2|a.g2|u.g2|p.g2
4/3/2024 11:25,4/3/2024 11:32,0,100,419,1,4/3/2024 11:32,,,,,anonymous,EN,1,180,,,,,,"I learned that by making something that would otherwise not be considered fragile into something more prone to breaking simply by changing the packaging on the outside. Thus you could fool the eyes of the workers into taking extra care of whatever package that is being sent, making it more likely to arrive without feeling as much pain and breaking. Essentially, you should take care of things and be rewarded for your efforts and love.",,,,,,,2,4,3,2,3,3,4,5,3,4,4,FL_53,,,Q151|Q152|a.g1|u.g1|p.g1|v.g1|i.g1,Q175|Q177|p.g2|i.g2|att|u.g2|v.g2|a.g2
4/3/2024 11:25,4/3/2024 11:32,0,100,445,1,4/3/2024 11:32,,,,,anonymous,EN,1,181,6,6,6,6,6,This information made me understand that creativity is the key to solving a problem. You don't have to take great measures to improve something. This was demonstrated by the example of a bicycle. ,6,6,6,6,6,4,,,,,,,,,,,,FL_51,Q129|Q56|u.n1|i.n1|v.n1|a.n1|p.n1,Q142|Q144|a.n2|u.n2|i.n2|v.n2|p.n2|att,,
4/3/2024 11:30,4/3/2024 11:33,0,100,154,1,4/3/2024 11:33,,,,,anonymous,EN,1,182,4,4,6,4,4,"giving the wrong information can lead to better outcomes, a white lie in my opinion as it doesn't really hurt anyone in this case",4,5,5,3,4,4,,,,,,,,,,,,FL_51,Q129|Q56|v.n1|i.n1|u.n1|a.n1|p.n1,Q142|Q144|att|p.n2|a.n2|u.n2|v.n2|i.n2,,
4/3/2024 11:24,4/3/2024 11:33,0,100,535,1,4/3/2024 11:33,,,,,anonymous,EN,1,183,6,6,6,6,5,"The bike company was experiencing an extremely high number of damaged bikes when shipping them, however when a member of staff suggested putting the picture of a flat screen tv on the box, the damages were reduced considerably, hence saving the company money and its reputation, as i am sure that the reviews before couldn't have been very good, with the amount of people who had received damaged bikes before hand.",6,6,6,6,5,4,,,,,,,,,,,,FL_51,Q129|Q56|i.n1|v.n1|p.n1|u.n1|a.n1,Q142|Q144|v.n2|u.n2|i.n2|p.n2|att|a.n2,,
4/3/2024 11:24,4/3/2024 11:33,0,100,531,1,4/3/2024 11:33,,,,,anonymous,EN,1,184,7,7,7,7,6,"people only value things by how fragile or expensive they might be. It shows that the shipping companies were negligent with the bicycles because they were made of steel and they did not see the need to properly store them. People will kick stones with no care, until they realize that they kicked a dirty muddy diamond, then only the care for it, because they have seen its value",7,7,7,7,6,4,,,,,,,,,,,,FL_51,Q129|Q56|i.n1|v.n1|p.n1|u.n1|a.n1,Q142|Q144|p.n2|u.n2|i.n2|a.n2|v.n2|att,,
4/3/2024 11:25,4/3/2024 11:34,0,100,501,1,4/3/2024 11:34,,,,,anonymous,EN,1,185,5,3,5,4,5,A Dutch bicycle retailer had a problem with damaged unicycles arriving at customers' premises. They had sensitive electronics and electric motors. I learned from this text what action could help. It was to put a label on the shipping carton indicating that it was fragile equipment. This makes the couriers more careful. Damage in transit is greatly reduced. ,5,5,5,4,5,4,,,,,,,,,,,,FL_51,Q129|Q56|v.n1|i.n1|p.n1|u.n1|a.n1,Q142|Q144|a.n2|u.n2|p.n2|att|i.n2|v.n2,,
4/3/2024 11:25,4/3/2024 11:34,0,100,556,1,4/3/2024 11:34,,,,,anonymous,EN,1,186,,,,,,I've learnt that companies which package their products as if they were fragile would have reduced shipping costs because they would be handled with care by shipping companies.,,,,,,,7,7,7,7,6,7,7,7,7,7,4,FL_53,,,Q151|Q152|v.g1|p.g1|u.g1|a.g1|i.g1,Q175|Q177|att|p.g2|v.g2|i.g2|u.g2|a.g2
4/3/2024 11:24,4/3/2024 11:35,0,100,609,1,4/3/2024 11:35,,,,,anonymous,EN,1,187,6,6,6,6,6,good stuff. nice product ,6,5,4,4,6,4,,,,,,,,,,,,FL_51,Q129|Q56|a.n1|i.n1|v.n1|u.n1|p.n1,Q142|Q144|p.n2|i.n2|u.n2|att|a.n2|v.n2,,
4/3/2024 11:25,4/3/2024 11:35,0,100,643,1,4/3/2024 11:35,,,,,anonymous,EN,1,188,,,,,,the information that i read good,,,,,,,7,4,6,7,1,7,7,7,7,7,4,FL_53,,,Q151|Q152|a.g1|v.g1|p.g1|u.g1|i.g1,Q175|Q177|i.g2|att|p.g2|a.g2|v.g2|u.g2
4/3/2024 11:25,4/3/2024 11:35,0,100,611,1,4/3/2024 11:35,,,,,anonymous,EN,1,189,7,7,7,7,7,I learnt that changing the labelling of a package does help save the products from damage and thus saving the company unecessary costs and helps deliver quality products to cutomers. People only tend to treat packages with care only if they see from the label that this package should handled with care or can break.,7,7,7,7,7,4,,,,,,,,,,,,FL_51,Q129|Q56|a.n1|i.n1|v.n1|p.n1|u.n1,Q142|Q144|u.n2|i.n2|v.n2|att|p.n2|a.n2,,
4/3/2024 11:24,4/3/2024 11:35,0,100,689,1,4/3/2024 11:35,,,,,anonymous,EN,1,190,,,,,,I think the lesson here is not to believe or get taken in by what you see. So be careful.,,,,,,,4,4,4,3,3,4,3,4,3,4,4,FL_53,,,Q151|Q152|a.g1|u.g1|i.g1|v.g1|p.g1,Q175|Q177|u.g2|i.g2|v.g2|a.g2|att|p.g2
4/3/2024 11:25,4/3/2024 11:36,0,100,629,1,4/3/2024 11:36,,,,,anonymous,EN,1,191,,,,,,"My understanding of this information given is that when you pack products in packaging that only seemingly resembles that in which delicate products are packed, it still protects the products and reduces the chance of damage.",,,,,,,2,1,3,2,2,2,1,3,2,2,4,FL_53,,,Q151|Q152|i.g1|v.g1|a.g1|p.g1|u.g1,Q175|Q177|i.g2|v.g2|att|a.g2|u.g2|p.g2
4/3/2024 11:25,4/3/2024 11:36,0,100,634,1,4/3/2024 11:36,,,,,anonymous,EN,1,192,4,2,5,3,2,"I learned from the information provided that the shipping company, including depot workers, delivery drivers, etc, are supposedly less likely to be rough with, and thus damage packages, that contain (have been identified in some way, e.g., this case of flatscreen TV picture) valuables or fragile items. I suppose this is because the deliverers or delivery company don't want to lose the business of the bike manufacturer (since the customer can really only hold the business responsible for the item arriving in one-piece, as it is their job to ensure secure and proficient packing materials and delivery). The delivery company will lose business if they are breaking items clearly labelled fragile during delivery at an exorbitant rate. While not really applying to me, who sends something via courier or post infrequently, the insight I gained is the clearing labelling something as fragile, or subtly (like the use of a TV graphic on the side), may result in the package being handled more carefully and thus being less likely to encounter damage in transit to the recipient. ",3,2,4,3,2,4,,,,,,,,,,,,FL_51,Q129|Q56|v.n1|i.n1|a.n1|u.n1|p.n1,Q142|Q144|att|u.n2|i.n2|p.n2|v.n2|a.n2,,
4/3/2024 11:27,4/3/2024 11:36,0,100,542,1,4/3/2024 11:36,,,,,anonymous,EN,1,193,6,3,5,5,4,"The insight that I learned is that, sometimes, you have to use people's perceptions to your advantage. By making the distributors think they were carrying something extremely delicate, they were more careful.  ",4,3,5,5,4,4,,,,,,,,,,,,FL_51,Q129|Q56|i.n1|u.n1|v.n1|p.n1|a.n1,Q142|Q144|i.n2|u.n2|v.n2|p.n2|a.n2|att,,
4/3/2024 11:25,4/3/2024 11:36,0,100,658,1,4/3/2024 11:36,,,,,anonymous,EN,1,194,,,,,,Companies that package their products in way that resemble fragile packaging can reduce damage to their products during the shipping process.,,,,,,,5,5,5,5,5,5,5,5,5,5,4,FL_53,,,Q151|Q152|i.g1|u.g1|a.g1|v.g1|p.g1,Q175|Q177|att|p.g2|v.g2|i.g2|u.g2|a.g2
4/3/2024 11:20,4/3/2024 11:37,0,100,1009,1,4/3/2024 11:37,,,,,anonymous,EN,1,195,6,7,6,6,7,"this story shed some light on the importance of perception and how it influences people's behaviour. The delivery man had the perception that bicycles were strong and tough and not delicate due to the types of bicycles they had or used in their life time, so they had now issues handling the bikes aggressively or without care. Now seeing a box that they think contains a flat screen tv, reminds them of how delicate flat screen tv's are from their own personal experiences with TV's and how much pain and hassle it is to damage a tv. As a result the automatically handle that box of tv with more care.",6,7,7,7,6,4,,,,,,,,,,,,FL_51,Q129|Q56|p.n1|a.n1|u.n1|v.n1|i.n1,Q142|Q144|v.n2|u.n2|i.n2|p.n2|att|a.n2,,
4/3/2024 11:35,4/3/2024 11:38,0,100,173,1,4/3/2024 11:38,,,,,anonymous,EN,1,196,,,,,,The lesson was about businesses and how they normally package their products,,,,,,,6,6,6,5,6,6,6,5,6,6,6,FL_53,,,Q151|Q152|p.g1|i.g1|u.g1|v.g1|a.g1,Q175|Q177|u.g2|v.g2|att|i.g2|p.g2|a.g2
4/3/2024 11:25,4/3/2024 11:38,0,100,759,1,4/3/2024 11:38,,,,,anonymous,EN,1,197,4,4,5,5,3,its interesting that the delivery workers dont take enough care of the parcels. This lesson changed my perspective  on them,3,4,4,4,3,4,,,,,,,,,,,,FL_51,Q129|Q56|u.n1|p.n1|i.n1|a.n1|v.n1,Q142|Q144|u.n2|a.n2|att|p.n2|v.n2|i.n2,,
4/3/2024 11:25,4/3/2024 11:38,0,100,758,1,4/3/2024 11:38,,,,,anonymous,EN,1,198,6,7,5,5,6,I have learned that in life you must utilize every possible option to protect your inner being and your assets. People pay attention to things they deem valuable in their eyes.,5,7,6,7,6,4,,,,,,,,,,,,FL_51,Q129|Q56|u.n1|a.n1|v.n1|p.n1|i.n1,Q142|Q144|v.n2|a.n2|p.n2|u.n2|att|i.n2,,
4/3/2024 11:37,4/3/2024 11:50,0,100,748,1,4/3/2024 11:50,,,,,anonymous,EN,1,199,6,5,5,6,6,I've learnt it is worthy to be clever and smart; it was just a good solution for the problem that company had with their bicycles,5,4,5,3,5,4,,,,,,,,,,,,FL_51,Q129|Q56|p.n1|v.n1|a.n1|i.n1|u.n1,Q142|Q144|v.n2|i.n2|att|a.n2|u.n2|p.n2,,
4/3/2024 11:27,4/3/2024 11:27,0,6,6,0,4/10/2024 11:27,,,,,anonymous,EN,1,200,,,,,,,,,,,,,,,,,,,,,,,,,,,,
